Title,Ingredients
french-toast-i,"6 thick slices bread
 2 eggs
 2/3 cup milk
 1/4 teaspoon ground cinnamon (optional)
 1/4 teaspoon ground nutmeg (optional)
 1 teaspoon vanilla extract (optional), salt to taste"
snow-day-french-toast,"2 eggs
 1/2 cup milk
 1/4 teaspoon salt
 1/2 teaspoon ground nutmeg
 6 slices raisin bread
 2 tablespoons butter
 1 cup white sugar"
skiers-french-toast,"2 tablespoons light corn syrup
 1/2 cup butter
 1 cup packed brown sugar
 1 (1 pound) loaf unsliced white bread, with crust trimmed
 5 eggs
 1 1/2 cups milk
 1 tablespoon vanilla extract
 1/4 teaspoon salt"
poppy-seed-french-toast,"3 tablespoons poppy seeds
 3 eggs
 2 cups milk
 1 teaspoon vanilla extract
 1 pinch ground nutmeg
 2 tablespoons white sugar
 12 thick slices white bread
 2 tablespoons butter"
portuguese-bread-french-toast,"5 eggs
 4 cups milk
 1/4 cup white sugar
 1/2 teaspoon ground cinnamon
 1/2 teaspoon freshly grated nutmeg
 1 teaspoon orange zest
 1 (1 pound) loaf portuguese sweet bread
 2 tablespoons unsalted butter, cubed"
overnight-blueberry-french-toast,"12 slices day-old bread, cut into 1-inch cubes
 2 (8 ounce) packages cream cheese, cut into 1 inch cubes
 1 cup fresh blueberries
 12 eggs, beaten
 2 cups milk
 1 teaspoon vanilla extract
 1/3 cup maple syrup
 1 cup white sugar
 2 tablespoons cornstarch
 1 cup water
 1 cup fresh blueberries
 1 tablespoon butter"
a-surprise-inside-french-toast,"6 (2 inch thick) slices french bread
 1/4 cup ricotta cheese
 1/4 cup cottage cheese, whipped
 2 tablespoons lowfat cream cheese
 2 teaspoons white sugar
 2 teaspoons vanilla extract
 3 cups egg substitute
 1/4 cup evaporated milk"
french-toast-ii,"4 eggs
 3/4 cup milk
 3 tablespoons brown sugar
 1 teaspoon ground nutmeg
 12 slices white bread
 1 tablespoon ground cinnamon"
applesauce-french-toast,"2 eggs
 3/4 cup milk
 1 teaspoon ground cinnamon
 2 tablespoons white sugar
 1/4 cup applesauce
 6 slices bread"
italian-french-toast,"6 eggs
 1/2 cup milk
 2 teaspoons dried parsley
 12 slices white sandwich bread
 6 ounces mozzarella cheese
 1 cup vegetable oil for frying
 1 clove garlic, crushed"
fluffy-french-toast,"1/4 cup all-purpose flour
 1 cup milk
 1 pinch salt
 3 eggs
 1/2 teaspoon ground cinnamon
 1 teaspoon vanilla extract
 1 tablespoon white sugar
 12 thick slices bread"
overnight-apple-cinnamon-french-toast,"3/4 cup butter, melted
 1 cup brown sugar
 1 teaspoon ground cinnamon
 2 (21 ounce) cans apple pie filling
 20 slices white bread
 6 eggs
 1 1/2 cups milk
 1 teaspoon vanilla extract
 1/2 cup maple syrup"
crispy-french-toast,"8 cups vegetable oil for deep-frying
 6 thick slices white bread
 2 eggs
 1 cup milk
 1 tablespoon white sugar
 1 teaspoon ground cinnamon
 1 teaspoon vanilla extract
 2 cups cornflakes cereal"
baked-french-toast,"1 (1 pound) loaf french bread, sliced
 6 eggs
 1 1/2 cups skim milk
 1/3 cup white sugar
 1 tablespoon vanilla extract
 6 apple - peeled, cored and sliced
 1 1/2 teaspoons ground cinnamon
 1/2 teaspoon ground nutmeg
 2 tablespoons white sugar
 1/2 cup white sugar
 1/4 cup all-purpose flour
 1/2 cup margarine, melted
 1/2 cup brown sugar
 1/2 cup skim milk
 2 teaspoons vanilla extract"
french-toast-waffles,"1 cup pancake/waffle mix
 2 teaspoons white sugar
 1 teaspoon ground cinnamon
 1/2 cup cold milk
 2 eggs
 1 teaspoon vanilla extract"
easy-french-toast,"1 egg
 3/4 cup milk
 1 tablespoon ground cinnamon
 1 teaspoon vanilla extract
 1 pinch salt
 2 slices bread"
baked-french-toast,"1 (1 pound) loaf french bread, cut diagonally in 1 inch slices
 8 eggs
 2 cups milk
 1 1/2 cups half-and-half cream
 2 teaspoons vanilla extract
 1/4 teaspoon ground cinnamon
 3/4 cup butter
 1 1/3 cups brown sugar
 3 tablespoons light corn syrup"
french-toast-souffle,"10 cups white bread cubes
 1 (8 ounce) package lowfat cream cheese, softened
 8 eggs
 1 1/2 cups milk
 2/3 cup half-and-half cream
 1/2 cup maple syrup
 1/2 teaspoon vanilla extract
 2 tablespoons confectioners' sugar"
french-toast-stars,"8 thick slices white bread
 2 eggs
 1/4 cup heavy cream
 2 tablespoons honey
 1/4 teaspoon salt
 1/4 teaspoon ground cinnamon
 1 tablespoon grated orange zest
 1/2 teaspoon vanilla extract
 3 tablespoons butter"
haitian-french-toast,"1 french baguette
 1 cup orange juice
 1/2 cup heavy whipping cream
 2 eggs
 1 teaspoon ground cinnamon
 1/4 cup white sugar
 1 dash ground nutmeg
 3 tablespoons butter
 2 tablespoons confectioners' sugar for dusting"
reduced-fat-french-toast,"1/2 cup egg substitute
 2/3 cup skim milk
 1 teaspoon vanilla extract
 1/2 teaspoon ground cinnamon
 6 slices reduced calorie white bread"
jacks-french-toast,"1 egg
 1 cup milk
 1 teaspoon vanilla extract
 1 cup oil for frying
 4 slices bread"
karens-baked-banana-stuffed-french-toast,"4 ripe bananas, mashed
 8 slices french bread
 1/2 cup milk
 2 eggs
 1 teaspoon vanilla extract
 1/2 teaspoon ground cinnamon"
make-ahead-french-toast,"5 eggs, lightly beaten
 1 1/2 cups milk
 1 cup half-and-half cream
 1 teaspoon vanilla extract
 1/2 (1 pound) loaf french bread, cut diagonally in 1 inch slices
 1/2 cup butter, melted
 1 cup light brown sugar
 2 tablespoons maple syrup
 1 cup chopped pecans"
oven-baked-caramel-french-toast,"1 cup brown sugar
 1/2 cup butter
 2 tablespoons light corn syrup
 1 cup chopped pecans, divided
 12 slices french or italian-style bread
 6 eggs
 1 1/2 cups milk
 1 teaspoon vanilla extract
 1 teaspoon ground nutmeg
 1 1/2 teaspoons ground cinnamon
 1/4 teaspoon salt, caramel sauce
 1/2 cup brown sugar
 1/4 cup butter
 1 tablespoon light corn syrup"
overnight-french-toast-i,"12 slices day-old bread, cubed
 2 (8 ounce) packages cream cheese, diced
 1 cup blueberries, rinsed and drained
 12 eggs
 1/3 cup maple syrup
 2 cups milk"
peanut-butter-and-banana-french-toast,"1 egg
 1 dash vanilla extract
 2 tablespoons creamy peanut butter
 2 slices bread
 1 small banana, sliced
 2 tablespoons butter"
sweet-french-toast,"3 eggs
 1/4 cup milk
 2 1/2 tablespoons maple syrup
 1 teaspoon vanilla extract
 1 teaspoon ground cinnamon
 1/3 cup cornflakes cereal, crumbled
 8 slices white bread
 2 tablespoons confectioners' sugar for dusting"
three-cheese-stuffed-french-toast,"3/4 cup shredded mozzarella cheese
 4 ounces cream cheese, softened
 1 tablespoon ricotta cheese
 3 tablespoons apricot jam
 8 (2 inch thick) slices french bread
 2 eggs, lightly beaten
 1/2 cup milk
 1 cup cornflakes cereal crumbs
 2 tablespoons butter
 2 cups apricot nectar
 1/4 cup butter
 2 tablespoons white sugar
 2 teaspoons ground ginger
 2 cups sliced fresh peaches
 1/4 cup confectioners' sugar for dusting"
french-toast-casserole,"5 cups bread cubes
 4 eggs
 1 1/2 cups milk
 1/4 cup white sugar, divided
 1/4 teaspoon salt
 1 teaspoon vanilla extract
 1 tablespoon margarine, softened
 1 teaspoon ground cinnamon"
ultimate-french-toast,"4 eggs
 2 tablespoons milk
 1/4 teaspoon ground cinnamon
 8 slices bread"
blueberry-french-toast,"1 (1 pound) loaf italian bread, cut into 1-inch cubes
 1 (8 ounce) package cream cheese, diced
 1 cup blueberries
 12 eggs
 2 cups milk
 1/3 cup maple syrup
 1 cup white sugar
 2 tablespoons cornstarch
 1 cup water
 1 cup blueberries
 1 tablespoon butter"
pecan-french-toast,"4 eggs
 2/3 cup orange juice
 1/3 cup milk
 1/4 cup white sugar
 1/4 teaspoon nutmeg
 1/4 teaspoon vanilla extract
 1/2 (1 pound) loaf italian bread, cut into 1 inch slices
 1/3 cup butter, melted
 1/2 cup chopped pecans
 2 tablespoons grated orange zest"
french-toast-corners,"6 slices white bread
 2 eggs
 2/3 cup milk
 1 teaspoon vanilla extract
 1/2 teaspoon ground cinnamon
 1 tablespoon butter"
overnight-french-toast-ii,"2 tablespoons corn syrup
 1/2 cup butter
 1 cup packed brown sugar
 1 (1 pound) loaf french bread, sliced
 5 eggs
 1 1/2 cups milk
 1 teaspoon vanilla extract
 1/4 teaspoon salt"
apple-raisin-french-toast-strata,"1 (1 pound) loaf cinnamon raisin bread, cubed
 1 (8 ounce) package cream cheese, diced
 1 cup diced peeled apples
 8 eggs
 2 1/2 cups half-and-half cream
 6 tablespoons butter, melted
 1/4 cup maple syrup"
hawaiian-french-toast,"3 eggs, separated
 1/2 teaspoon vanilla extract
 1 teaspoon grated orange zest
 1/2 teaspoon rum flavored extract
 1 tablespoon water
 1 tablespoon honey
 1 (1 pound) loaf hawaiian sweet bread, thickly sliced
 1 (8 ounce) can crushed pineapple, with juice
 1 (3 ounce) can mandarin orange segments, drained
 3 tablespoons honey
 1 cup maple syrup"
stuffed-french-toast-i,"1 (1 pound) loaf french bread
 1 (8 ounce) package cream cheese
 4 eggs
 1/4 cup irish cream liqueur
 1 teaspoon vanilla extract
 1/4 teaspoon ground cinnamon
 1/4 teaspoon ground nutmeg
 2 tablespoons butter
 1/3 cup orange marmalade"
caramelized-french-toast,"4 tablespoons butter, divided
 6 eggs
 1/2 cup milk
 1/8 teaspoon salt
 8 slices bread
 1 cup brown sugar
 1/2 cup water"
stuffed-french-toast-ii,"8 slices oatnut bread
 1/2 (8 ounce) package cream cheese, softened
 1/2 cup seedless raspberry jam
 5 eggs, beaten
 1/4 cup milk
 1 1/2 teaspoons almond extract
 1 tablespoon butter"
kerrys-french-toast,"1 cup softened cream cheese
 1/2 cup brown sugar
 1/4 teaspoon ground allspice
 1/2 teaspoon ground nutmeg
 1/2 teaspoon ground cinnamon
 8 (1/2 inch) slices egg bread
 6 extra large eggs, beaten
 1/4 cup milk
 1/4 cup butter"
creme-brulee-french-toast,"1/2 cup unsalted butter
 1 cup packed brown sugar
 2 tablespoons corn syrup
 6 (1-inch thick) slices french bread
 5 eggs
 1 1/2 cups half-and-half cream
 1 teaspoon vanilla extract
 1 teaspoon brandy-based orange liqueur (such as grand marnier\xae)
 1/4 teaspoon salt"
almond-french-toast,"1 cup slivered almonds
 3 eggs
 1 cup milk
 3 tablespoons all-purpose flour
 1/4 teaspoon salt
 1/2 teaspoon baking powder
 1/2 teaspoon almond extract
 1 teaspoon vanilla extract
 12 thick slices french bread
 3 tablespoons canola oil
 3 tablespoons butter, confectioners' sugar for dusting"
banana-stuffed-french-toast,"1 (1 pound) loaf french bread, cut into 1 inch slices
 2 bananas, peeled and sliced
 3 eggs, beaten
 1 teaspoon water
 1 tablespoon milk
 1 teaspoon vanilla extract
 1 tablespoon orange liqueur
 1 teaspoon grated orange zest
 1/4 cup butter, confectioners' sugar for dusting"
sunny-orange-french-toast,"1 1/2 cups cream of wheat cereal
 3 eggs, slightly beaten
 3/4 teaspoon grated orange peel
 1 cup orange juice
 3 tablespoons granulated sugar
 1 teaspoon vanilla
 12 slices firm white bread (3/4-inch thick)
 1/4 cup margarine or butter , divided, powdered sugar (optional)"
stuffed-french-toast-with-fresh-berry-topping,"2 cups mixed fresh berries (strawberries, raspberries, blueberries and/or blackberries)
 2 tablespoons granulated sugar
 2/3 cup low-fat ricotta cheese
 1/4 cup strawberry preserves
 3 large eggs
 2/3 cup nestle\xae carnation\xae evaporated fat free milk
 2 tablespoons packed brown sugar
 2 teaspoons vanilla extract
 12 slices (about 3/4-inch thick) french bread, vegetable oil, powdered sugar, maple syrup, heated"
stouffers-baked-french-toast,"1 (12 ounce) package stouffer's\xae frozen harvest apples, defrosted
 2 tablespoons butter or margarine
 1/3 cup packed dark brown sugar
 3 eggs
 1 cup milk
 1/2 teaspoon vanilla extract
 6 slices bread"
no-fry-french-toast,"nonstick cooking spray
 1 slightly beaten egg
 1 slightly beaten egg white
 3/4 cup fat free milk
 1 teaspoon vanilla extract
 1/8 teaspoon ground cinnamon
 8 (1 inch thick) slices firm-textured french bread
 1/4 teaspoon finely shredded orange peel
 1/2 cup orange juice
 1 tablespoon honey
 1 teaspoon cornstarch
 1/8 teaspoon ground cinnamon
 1 tablespoon powdered sugar (optional)"
peanut-butter-and-jelly-french-toast,"12 slices bread
 3/4 cup peanut butter
 6 tablespoons jelly or jam
 3 eggs
 3/4 cup milk
 1/4 teaspoon salt
 2 tablespoons butter or margarine"
apple-raisin-french-toast-casserole,"1 cup brown sugar
 1 teaspoon ground cinnamon
 1/2 cup butter, melted
 3 apples - peeled, cored and sliced
 1/2 cup raisins
 1 (1 pound) loaf french baguette, cut into 1 inch slices
 6 eggs, lightly beaten
 1 1/2 cups milk
 1 tablespoon vanilla extract
 2 teaspoons ground cinnamon"
french-toast-and-spam-sandwiches,"1 (12 ounce) container fully cooked luncheon meat (e.g. spam)
 5 eggs
 1/2 cup milk
 8 slices white bread"
german-french-toast,"1 teaspoon butter
 2 eggs
 1/2 cup milk
 8 slices white bread
 8 slices muenster cheese"
holiday-morning-french-toast,"1 cup brown sugar
 1/2 cup butter, melted
 3 teaspoons mccormick\xae ground cinnamon, divided
 3 tart apples, such as granny smith, peeled, cored and thinly sliced
 1/2 cup dried cranberries or raisins
 1 loaf italian or french bread, cut into 1-inch slices
 6 large eggs
 1 1/2 cups milk
 1 tablespoon mccormick\xae pure vanilla extract"
make-ahead-cinnamon-french-toast,"1 loaf day-old french bread
 1 cup hershey\xae's milk chocolate chips or hershey\xae's cinnamon chips
 5 eggs, beaten
 1 1/4 cups milk
 1/4 teaspoon ground cinnamon
 1/4 teaspoon vanilla extract, maple syrup (optional)"
banana-bread-french-toast,"3 eggs
 3 tablespoons sweetened condensed milk
 1 teaspoon vanilla extract
 2 tablespoons butter
 1 loaf banana bread, confectioners' sugar for dusting (optional)"
smuckers-stuffed-french-toast,"1 serving crisco\xae original no-stick cooking spray, filling:
 1 (8 ounce) package cream cheese, softened
 2 tablespoons sugar
 1/2 teaspoon ground cinnamon
 1/2 cup chopped walnuts or pecans
 1 teaspoon vanilla extract, toast:
 1 (1 pound) loaf french bread
 4 large eggs, beaten
 1 cup half-and-half
 1/2 teaspoon vanilla extract
 1/2 teaspoon nutmeg, glaze:
 1 cup smucker's\xae apricot preserves
 1/2 cup orange juice
 1/2 teaspoon almond extract"
grandmas-peach-french-toast,"1 cup packed brown sugar
 1/2 cup butter
 2 tablespoons water
 1 (29 ounce) can sliced peaches, drained
 12 (3/4 inch thick) slices day-old french bread
 5 eggs
 1 tablespoon vanilla extract
 1 pinch ground cinnamon, or to taste"
fabulous-frosted-french-toast,"6 eggs
 1 1/2 cups skim milk
 2 tablespoons white sugar
 2 teaspoons ground cinnamon
 1 (1 pound) loaf french bread, cut into 3/4 inch slices
 1/4 cup butter
 1 (8 ounce) package fat-free cream cheese, softened
 2 tablespoons white sugar
 2 tablespoons fat-free sour cream
 2 tablespoons frozen whipped topping, thawed"
raspberry-cheesecake-stuffed-french-toast,"1 cup milk
 2 tablespoons vanilla extract
 1 cup white sugar
 2 tablespoons cinnamon
 4 eggs, beaten
 1 cup raspberry puree
 4 ounces cream cheese, softened
 1 loaf french bread, cut into 1 inch slices, butter, confectioners' sugar for dusting, nutmeg, for topping"
french-toast-strata,"1/3 cup splenda\xae no calorie sweetener, granulated
 1 cup egg substitute
 2/3 cup skim milk
 3/4 teaspoon imitation maple flavor
 8 slices cinnamon-raisin bread
 2 cups peeled apples, thinly sliced
 1/4 cup low fat cream cheese
 1 tablespoon splenda\xae no calorie sweetener, granulated
 1/2 teaspoon cinnamon"
orange-pecan-french-toast,"1 cup packed brown sugar
 1/3 cup butter, melted
 2 tablespoons light corn syrup
 1/3 cup chopped pecans
 12 (3/4 inch thick) slices french bread
 1 teaspoon grated orange zest
 1 cup fresh orange juice
 1/2 cup 2% milk
 3 tablespoons white sugar
 1 teaspoon ground cinnamon
 1 teaspoon vanilla extract
 3 egg whites
 2 eggs
 1 tablespoon confectioners' sugar for dusting"
fantastic-french-toast,"4 eggs
 1/4 cup milk
 1 teaspoon vanilla, dash salt
 1 tablespoon butter or margarine
 4 slices bread
 1/4 cup chopped peanuts
 3/4 cup maple-flavored syrup
 1/2 cup jif\xae creamy peanut butter"
french-toast-strata-with-apples-and-raisins-1,"1 loaf earth grains\xae buttermilk bread, cubed
 1 (8 ounce) package neufchatel cheese, cubed
 1 cup diced peeled apples
 1/2 cup raisins
 4 eggs
 3/4 cup egg substitute
 1 cup half-and-half cream
 1 1/2 cups fat-free half-and-half
 6 tablespoons butter, melted
 1/4 cup maple syrup"
whole-wheat-french-toast-with-peaches,"1 cup packed brown sugar
 1/2 cup butter
 2 tablespoons water
 1 (16 ounce) package frozen sliced peaches, thawed
 12 slices sara lee\xae soft &amp; smooth\u2122 whole grain white bread
 3/4 cup liquid egg substitute
 1 tablespoon vanilla extract, ground cinnamon to taste"
french-toast-with-almonds,"1 cup slivered almonds
 1/2 cup liquid egg substitute
 1 cup fat-free milk
 3 tablespoons all-purpose flour
 1/4 teaspoon salt
 1/2 teaspoon baking powder
 1 teaspoon vanilla extract
 1/2 teaspoon almond extract
 12 slices sara lee\xae soft &amp; smooth\u2122 whole grain white bread
 3 tablespoons canola oil
 3 tablespoons butter, confectioners' sugar for dusting (optional)"
banana-french-toast-breakfast-sandwiches,"1/2 cup liquid egg substitute
 1 teaspoon water
 1 tablespoon nonfat milk
 1 teaspoon vanilla extract
 1 teaspoon grated orange zest
 2 bananas, peeled and sliced
 12 slices sara lee\xae soft &amp; smooth\u2122 whole grain white bread
 1/4 cup butter, confectioners' sugar for dusting"
french-toast-sandwiches,"1/2 (8 ounce) package neufchatel cheese, softened
 1/2 cup brown sugar
 1/4 teaspoon ground allspice
 1/2 teaspoon ground nutmeg
 1/2 teaspoon ground cinnamon
 8 slices sara lee\xae soft &amp; smooth\u2122 whole grain white bread
 2 tablespoons butter
 3/4 cup liquid egg substitute
 1/4 cup fat free half-and-half"
french-toast-strata-with-apples-and-raisins,"1 loaf sara lee\xae soft &amp; smooth\u2122 whole grain white bread
 1 (8 ounce) package neufchatel cheese, cubed
 1 cup diced peeled apples
 1/2 cup raisins
 4 eggs
 3/4 cup egg substitute
 1 cup half-and-half cream
 1 1/2 cups fat-free half-and-half
 6 tablespoons butter, melted
 1/4 cup maple syrup"
uncle-jesses-french-toast,"4 eggs
 1 teaspoon ground cinnamon
 1 teaspoon ground nutmeg
 1 teaspoon ground ginger
 1 teaspoon ground cloves
 15 slices whole wheat bread
 1 cup butter, divided
 1 cup confectioners' sugar for dusting"
easy-oven-baked-french-toast-with-raisin-syrup,"french toast
 2 eggs
 1/2 cup milk
 1/2 teaspoon vanilla
 8 slices raisin cinnamon bread, sauce
 1/2 cup maple flavor syrup
 1/4 cup honey
 1/2 cup california raisins"
cheesy-french-toast,"4 eggs, beaten
 1/4 cup milk
 1 cup shredded swiss cheese
 1 tablespoon chopped fresh chives
 4 teaspoons butter
 1 french baguette, cut into 1/2 inch slices
 8 ounces sliced ham
 1 cup tomato chutney"
red-kisses-french-toast,"3 large eggs
 2 tablespoons milk
 4 slices market pantry\u2122 roundtop white sandwich bread
 10 hershey's dark chocolate kisses, unwrapped, strawberry jam, archer farms\u2122 cinnamon"
blueberry-maple-french-toast-casserole,"1 (16 ounce) package frozen safeway select organic wild blueberries
 1/4 cup safeway select 100% pure maple syrup, plus extra for serving
 1/3 cup sugar
 1 tablespoon cornstarch
 4 safeway select organic large eggs
 2/3 cup safeway select organic whole milk
 1 teaspoon vanilla
 1 (1 pound) loaf safeway select artisan como or italian bread"
french-toast,"3 large eggs
 1 pinch fine salt
 1/4 teaspoon vanilla extract
 3 tablespoons unsalted butter
 6 slices fresh challah, confectioners' sugar, maple syrup or jam for serving"
french-toasted-mozzarella-and-prosciutto-sandwiches,"12 slices homemade-style white bread
 8 ounces lightly salted mozzarella cheese
 24 rinsed and dried large fresh basil leaves
 4 ounces thinly sliced prosciutto di parma
 2 large eggs, lightly beaten
 2 tablespoons milk
 1/2 cup packaged dried bread crumbs
 1/4 cup pine nuts, finely chopped, kosher salt and freshly milled black
 3 tablespoons extra virgin olive oil"
eggnog-french-toast,"2 eggs, beaten slightly
 1 1/2 cups eggnog
 1 1/2 tablespoons ground cinnamon
 1 teaspoon pumpkin pie spice
 12 slices french bread"
oo-la-la-french-toast-strata,"1/3 cup splenda\xae no calorie sweetener, granulated
 1 cup egg substitute
 2/3 cup nonfat milk
 1 teaspoon vanilla extract
 3/4 teaspoon maple extract
 8 slices cinnamon raisin bread
 2 cups apples - peeled, cored and thinly sliced
 1/4 cup low fat cream cheese
 1 tablespoon splenda\xae no calorie sweetener, granulated
 1/2 teaspoon ground cinnamon"
yummy-french-toast,"3 large eggs
 2/3 cup milk
 2 tablespoons granulated sugar
 1 teaspoon cinnamon
 1/2 teaspoon nutmeg
 1 teaspoon vanilla
 8 slices bread
 2 tablespoons canola oil"
lorena-garcias-crispy-french-toast,"1 cup 1% low-fat milk
 3/4 cup half-and-half
 1/2 cup splenda\xae no calorie sweetener, granulated
 2 tablespoons vanilla extract
 4 large eggs
 6 thick slices white bread, crusts removed and cut diagonally in half
 4 cups cornflakes cereal, finely crushed
 2 tablespoons ground cinnamon
 1 cup strawberries, sliced
 1 cup fat-free vanilla yogurt, optional garnish: fresh mint sprigs"
peanut-butter-crunch-french-toast,"1/2 cup creamy peanut butter
 16 (1/2 inch) slices brioche
 4 large eggs, beaten
 1/4 cup heavy cream
 2 teaspoons pure vanilla extract
 4 cups cornflakes, finely crushed
 4 tablespoons unsalted butter, confectioners' sugar, for dusting
 4 cups mixed berries, maple syrup, for serving"
toffee-apple-french-toast,"8 cups cubed french bread (1 inch cubes)
 2 medium tart apples, peeled and chopped
 1 (8 ounce) package cream cheese, softened
 3/4 cup packed brown sugar
 1/4 cup sugar
 1 3/4 cups milk, divided
 2 teaspoons vanilla extract, divided
 1/2 cup english toffee bits or almond brickle chips
 5 eggs"
waffled-french-toast,"1 egg
 1 egg white
 1/4 cup fat-free milk
 4 slices whole wheat or white bread
 1 cup sliced fresh strawberries
 1/4 cup reduced-calorie pancake syrup"
eggnog-french-toast,"24 (3/4 inch thick) slices french bread
 9 eggs
 3 cups half-and-half cream
 1/3 cup sugar
 2 teaspoons vanilla extract
 1 1/2 teaspoons rum extract
 1/2 teaspoon ground nutmeg, confectioners' sugar"
baked-blueberry-french-toast,"24 slices day-old french bread
 1 (8 ounce) package reduced-fat cream cheese, cubed
 2/3 cup fat-free milk
 1/2 cup reduced-fat sour cream
 1/2 cup fat-free plain yogurt
 1/3 cup maple syrup
 1 teaspoon vanilla extract
 1 teaspoon ground nutmeg
 1/2 teaspoon ground cinnamon
 2 cups egg substitute
 2 cups fresh or frozen blueberries, confectioners' sugar"
stuffed-french-toast,"8 (1 inch thick) slices french bread
 2 (3 ounce) packages cream cheese, softened
 1/3 cup crushed pineapple, undrained
 1/2 cup chopped pecans
 4 eggs
 1 cup whipping cream
 1/2 teaspoon vanilla extract
 1 1/2 teaspoons ground ginger, apricot syrup:
 1 (12 ounce) jar apricot preserves
 1/3 cup orange juice"
crispy-french-toast,"1/2 cup egg substitute
 1/2 cup fat-free milk
 1/4 cup orange juice
 1 teaspoon vanilla extract
 1 dash ground nutmeg
 12 (3/4 inch thick) slices day-old french bread
 1 1/2 cups crushed cornflakes"
french-toast-bake,"12 (1 inch thick) slices day-old french bread
 5 eggs
 2 1/2 cups milk
 1 cup packed brown sugar, divided
 1 teaspoon vanilla extract
 1/2 teaspoon ground nutmeg
 1 cup chopped pecans
 1/4 cup butter or margarine, melted
 2 cups fresh or frozen blueberries"
peach-french-toast,"1 cup packed brown sugar
 1/2 cup butter or margarine
 2 tablespoons water
 1 (29 ounce) can sliced peaches, drained
 12 (3/4 inch thick) slices day-old french bread
 5 eggs
 1 1/2 cups milk
 1 tablespoon vanilla extract, ground cinnamon"
family-style-french-toast,"2/3 cup packed brown sugar
 1/2 cup butter or margarine, melted
 2 teaspoons ground cinnamon
 6 eggs, lightly beaten
 1 3/4 cups milk
 1 (1 pound) loaf french bread, cut into 1 inch slices, confectioners' sugar"
orange-french-toast,"6 eggs, lightly beaten
 3/4 cup orange juice
 1/2 cup half-and-half cream
 2 tablespoons sugar
 1 teaspoon vanilla extract
 1/2 teaspoon grated orange peel
 8 thick slices cinnamon bread
 1/4 cup butter or margarine, melted"
chocolate-french-toast,"3 eggs
 1 cup milk
 1 teaspoon sugar
 1 teaspoon vanilla extract
 1/4 teaspoon salt
 12 slices day old bread, crusts removed
 3 (1.55 ounce) bars milk chocolate candy bars*, halved
 2 tablespoons butter or margarine, confectioners' sugar"
french-toast-fingers,"2 eggs
 1/4 cup milk
 1/4 teaspoon salt
 1/2 cup strawberry preserves
 8 slices day-old white bread, confectioners' sugar"
strawberry-banana-french-toast,"10 (1 inch thick) slices day-old french bread
 5 eggs, lightly beaten
 3/4 cup milk
 1 tablespoon vanilla extract
 1/4 teaspoon baking powder
 1 (16 ounce) package frozen sweetened whole strawberries
 4 firm bananas, sliced
 1 cup sugar
 1 tablespoon pumpkin pie or apple pie spice
 1 tablespoon cinnamon sugar"
overnight-caramel-french-toast,"1 cup packed brown sugar
 1/2 cup butter
 2 tablespoons light corn syrup
 12 slices bread
 1/4 cup sugar
 1 teaspoon ground cinnamon, divided
 6 eggs
 1 1/2 cups milk
 1 teaspoon vanilla extract"
freezer-french-toast,"4 eggs
 1 cup milk
 2 tablespoons sugar
 1 teaspoon vanilla extract
 1/4 teaspoon ground nutmeg
 10 (3/4 inch thick) slices day-old french bread
 1 tablespoon butter or stick margarine, melted"
cheddar-french-toast-with-dried-fruit-syrup,"1 1/2 cups maple syrup
 1 (7 ounce) bag diced dried mixed fruit
 1/4 cup chopped walnuts
 12 slices italian or french bread (cut diagonally 1-inch thick)
 1 1/3 cups shredded sharp cheddar cheese
 4 eggs
 2 cups milk
 1/4 teaspoon salt"
blueberry-french-toast-cobbler,"4 eggs
 1/2 cup milk
 1 teaspoon vanilla extract
 1/4 teaspoon baking powder
 10 (3/4 inch thick) slices day-old french bread
 4 1/2 cups unsweetened frozen blueberries
 1/2 cup sugar
 2 tablespoons butter or margarine, melted
 1 teaspoon cornstarch
 1 teaspoon ground cinnamon
 1 tablespoon butter or margarine, softened"
baked-french-toast-with-home-style-syrup,"4 eggs, lightly beaten
 1 cup milk
 2 teaspoons vanilla extract
 1 teaspoon salt
 12 slices day-old french bread
 1 1/4 cups crushed cornflakes
 1 tablespoon butter or margarine, syrup:
 1 1/2 cups sugar
 2/3 cup light corn syrup
 1/2 cup water
 1 teaspoon ground cinnamon
 1 (5 ounce) can evaporated milk
 1/2 teaspoon butter flavoring
 1/2 teaspoon almond extract"
apple-cinnamon-baked-french-toast,"10 (3/4 inch thick) slices day-old french bread
 6 eggs, lightly beaten
 2 3/4 cups milk
 2/3 cup sugar, divided
 1 tablespoon vanilla extract
 4 medium apples - peeled, cored and thinly sliced
 2 teaspoons ground cinnamon
 3/4 teaspoon ground nutmeg
 1 tablespoon butter or margarine"
overnight-french-toast,"9 eggs
 3 cups light cream
 1/3 cup sugar
 1 1/2 teaspoons rum flavored extract (optional)
 1 1/2 teaspoons vanilla extract
 1/2 teaspoon ground nutmeg
 24 (3/4 inch thick) slices french bread, praline syrup:
 1 1/2 cups packed brown sugar
 1/2 cup light corn syrup
 1/2 cup water
 1/2 cup chopped pecans, toasted
 2 tablespoons butter or margarine"
whole-grain-french-toast-with-nutmeg-scented-fruit,"fruit
 1/2 cup apricot all-fruit spread
 1/4 cup water
 2 teaspoons lemon juice
 1/2 teaspoon nutmeg
 3 pears
 1/3 cup dried apricots, chopped, french toast
 2 eggs
 2 egg whites
 1 teaspoon vanilla extract
 1/4 teaspoon nutmeg
 1/4 cup fat-free milk
 8 slices whole wheat or multigrain bread"
crunchy-raisin-bread-french-toast,"3/4 cup egg substitute
 1/3 cup skim milk
 1 teaspoon vanilla
 2 tablespoons powdered sugar
 1/8 teaspoon ground nutmeg
 2 cups whole grain wheat and barley cereal or coarsely crushed bran flakes
 8 slices sun-maid\xae raisin bread, powdered sugar for topping (optional)"
cinnamon-french-toast,"1/2 cup evaporated skim milk
 1/2 cup fat-free egg substitute
 1/8 teaspoon ground cinnamon
 1/8 teaspoon grated nutmeg
 8 slices whole-wheat or whole-grain bread
 2 teaspoons canola oil
 3 peaches, sliced
 1 cup raspberries"
pebbles-french-toast-fingers,"3 eggs
 1/4 cup milk
 1 teaspoon vanilla, dash ground cinnamon
 10 thick slices whole grain bread, such as whole wheat, honey oat
 7 grain or raisin
 2 1/2 cups post fruity pebbles cereal"
stuffed-french-toast,"4 slices cinnamon raisin bread
 4 tablespoons philadelphia cream cheese spread
 8 slices oscar mayer shaved honey ham
 2 eggs
 2 tablespoons milk
 2 teaspoons sugar
 2 tablespoons maple-flavored or pancake syrup"
raspberry-stuffed-french-toast-with-custard-sauce,"1 (4 ounce) package philadelphia neufchatel cheese
 1/3 less fat than cream cheese
 1/2 cup sugar
 2 teaspoons vanilla
 1 teaspoon ground cinnamon
 2 eggs, plus
 2 egg whites
 5 cups fat-free milk, divided
 18 slices french baguette, ends trimmed, divided
 1 (12 ounce) package frozen unsweetened raspberries, divided
 1 pkg. (4 serving size) jell-o vanilla flavor instant pudding &amp; pie filling"
cinnamon-french-toast-bake,"french toast bake:
 1/4 cup land o lakes\xae butter, melted
 2 (12.4 ounce) cans pillsbury\xae refrigerated cinnamon rolls with icing
 6 eggland's best eggs
 1/2 cup heavy whipping cream
 2 teaspoons ground cinnamon
 2 teaspoons vanilla
 1 cup fisher\xae chef's naturals\xae chopped pecans
 1 cup maple syrup, garnish:, icing from cinnamon rolls, powdered sugar
 1/2 cup maple syrup, if desired (optional)"
banana-french-toast-breakfast-sandwiches,"1/2 cup liquid egg substitute
 1 teaspoon water
 1 tablespoon nonfat milk
 1 teaspoon vanilla extract
 1 teaspoon grated orange zest
 2 bananas, peeled and sliced
 12 slices sara lee\xae soft and smooth 100% whole wheat bread
 1/4 cup butter, confectioners' sugar for dusting"
french-toast-sandwiches,"1/2 (8 ounce) package neufchatel cheese, softened
 1/2 cup brown sugar
 1/4 teaspoon ground allspice
 1/2 teaspoon ground nutmeg
 1/2 teaspoon ground cinnamon
 8 slices sara lee\xae soft and smooth 100% whole wheat bread
 2 tablespoons butter
 3/4 cup liquid egg substitute
 1/4 cup fat free half-and-half"
crunchy-stuffed-french-toast,"1/2 cup milk
 1/2 teaspoon archer farms\u2122 cinnamon
 6 eggs
 2 cups archer farms\u2122 muesli cereal, crushed
 8 slices archer farms\u2122 100% whole wheat bread
 1/2 cup cream cheese spread
 1/2 cup archer farms\u2122 oregon strawberry preserves"
french-toast,"1/2 cup egg beaters
 2 tablespoons skim milk
 1 teaspoon cinnamon
 1/2 teaspoon vanilla extract
 1  serving splash vegetable spray
 3 slices whole-wheat bread"
french-toast-with-peanut-butter-maple-syrup,"1 egg
 2 tablespoons milk
 1 teaspoon vanilla extract
 2 slices bread
 1/4 cup maple syrup
 4 tablespoons peanut butter"
creme-brulee-french-toast,"1 cup packed brown sugar
 1/2 cup butter
 2 tablespoons corn syrup
 1 loaf archer farms\u2122 whole grain white bread, cut into 1-inch chunks
 3 cups half and half
 2 teaspoons archer farms\u2122 vanilla
 1/4 teaspoon salt
 15 eggs"
granola-peanut-butter-french-toast,"2 cups reese's\xae puffs\xae cereal
 4 eggs
 1/4 cup milk
 1 teaspoon vanilla
 12 tablespoons creamy peanut butter
 12 slices white or wheat sandwich bread or slightly firm bread
 4 nature valley\xae peanut butter crunchy granola bars
 6 tablespoons marshmallow creme"
blueberry-banana-granola-french-toast,"1 (12.4 ounce) can pillsbury\xae refrigerated cinnamon rolls with icing
 8 nature valley\xae banana nut crunchy granola bars, crushed
 4 eggs
 3/4 cup fat-free (skim) milk
 1 (14 ounce) can fat-free sweetened condensed milk (not evaporated)
 3 medium bananas, cut into 1-inch pieces
 1 (10 ounce) bag cascadian farm\xae organic frozen blueberries, thawed
 1 (7 ounce) can fat-free whipped cream topping"
peanut-butter-and-jelly-french-toast-sticks,"1/2 cup peanut butter
 8 slices sandwich bread
 1/2 cup jelly (any flavor)
 5 large eggs
 1/3 cup milk
 2 teaspoons pure vanilla extract
 4 tablespoons butter
 1/2 cup maple syrup, warmed"
challah-french-toast-with-berry-sauce,"for french toast:
 3 large eggs
 1 cup whole milk
 1 teaspoon sugar
 1/4 teaspoon salt
 1 (1 pound) challah loaf, cut crosswise into 1/2-inch-thick slices (not including end pieces)
 3 1/2 tablespoons unsalted butter, for berry sauce:
 3 cups mixed berries such as blackberries, raspberries, and blueberries
 1/3 cup sugar
 1 tablespoon fresh lemon juice, garnish: confectioners sugar for dusting"
cinnamon-chai-baked-french-toast,"1/3 cup butterscotch topping, heated, if necessary
 12 slices cinnamon swirl bread
 1 cup market pantry\u2122 milk
 1 cup chai tea latte concentrate (from 32-oz. carton)
 6 market pantry \u2122 eggs"
wife-saver-french-toast,"1 cup light brown sugar
 1/2 cup light corn syrup
 1/4 cup butter
 10 slices french bread
 2 eggs
 2 1/2 cups 1% low-fat milk
 1 teaspoon vanilla extract
 1 tablespoon all-purpose flour
 1 pinch salt
 2 tablespoons white sugar
 1 teaspoon ground cinnamon"
baked-french-toast-with-orange-syrup,"nonstick cooking spray
 2 eggs, slightly beaten
 1 cup reduced fat milk
 1 teaspoon vanilla extract
 1/8 teaspoon ground cinnamon
 8 (1/2-inch-thick) slices french bread
 1/4 teaspoon finely shredded orange peel
 1/2 cup orange juice
 1 tablespoon honey
 1 teaspoon cornstarch
 1/8 teaspoon ground cinnamon, sifted powdered sugar (optional)"
pineapple-french-toast,"1/2 cup butter
 2/3 cup packed brown sugar
 1 (15.25 ounce) can crushed pineapple (juice pack), drained
 4 eggs, beaten
 1 cup reduced fat milk
 1/4 teaspoon salt
 10 (3/4 inch thick) slices french bread"
eggnog-cinnamon-french-toast,"2 cups eggnog
 1 teaspoon cinnamon
 2 eggs, vegetable oil cooking spray or butter or margarine
 12 slices firm white bread"
baked-cinnamon-french-toast,"3 eggs, slightly beaten
 2/3 cup fat-free milk or evaporated fat-free milk
 2 tablespoons sugar, divided
 1 1/2 teaspoons vanilla
 3/4 teaspoon cinnamon, divided
 8 (1 inch thick) slices french or italian bread (about 3- to 4-inches in diameter)
 1 cup kellogg's\xae rice krispies\xae cereal, topping:
 2 medium bananas, sliced
 1/2 cup maple syrup, warmed"
crunchy-french-toast-sticks,"3 eggs
 1/4 cup milk
 2 cups corn flakes, crushed
 4 slices bread, cut into thirds
 1 tablespoon butter"
french-toast-with-maple-apples,"3 large eggs
 1 cup skim milk
 1 teaspoon pure vanilla extract
 1/2 teaspoon freshly grated nutmeg
 8 3/4-inch-thick slices of white bread
 2 tablespoons unsalted butter
 2 granny smith apples - peeled, cored and sliced 1/4 inch thick
 3/4 cup pure maple syrup
 1/4 teaspoon cinnamon
 2 teaspoons vegetable oil"
cutters-french-toast,"1/4 cup egg substitute
 1 cup 1% fat milk
 1/4 cup splenda\xae no calorie sweetener, granulated
 2 tablespoons ground cinnamon
 10 slices whole wheat bread, sugar free maple syrup (optional)"
baked-apple-cinnamon-french-toast,"3 cups nonfat milk
 2 cups pasteurized liquid egg whites, such as egg beaters
 3 tablespoons honey
 1 1/2 teaspoons vanilla extract
 1/4 teaspoon salt
 1 (1 pound) loaf sliced whole-wheat bread
 1 cup chopped dried apple rings
 1/2 cup raisins
 1 1/2 teaspoons ground cinnamon
 1/2 teaspoon freshly grated nutmeg
 1 tablespoon confectioners' sugar"
deep-fried-french-toast,"6 eggs
 5 1/2 teaspoons white sugar
 1/4 teaspoon salt
 2 cups milk
 1 cup all-purpose flour
 2 quarts vegetable oil for frying
 8 thick slices (1-inch thick) french bread"
banana-raisin-french-toast,"1 ripe banana, peeled
 2 teaspoons frozen orange juice concentrate
 4 slices cinnamon-raisin bread
 2 large egg whites
 1/4 cup nonfat milk
 1/4 cup nonfat or low-fat plain yogurt
 1 1/2 tablespoons maple syrup or honey 
 1 teaspoon butter, divided"
creme-brulee-french-toast,"1 cup packed brown sugar
 1/2 cup butter
 2 tablespoons corn syrup
 1 loaf archer farms\xae artisan baguette bread, cut into 1-inch chunks
 3 cups half-and-half
 2 teaspoons archer farms\u2122 vanilla
 1/4 teaspoon salt
 15 eggs"
easy-blueberries-and-cream-french-toast-sandwich-with-orange-maple-syrup,"1/4 cup red wine
 1/2 cup orange juice
 1/2 teaspoon grated orange zest
 1/2 cup maple syrup
 1 pinch crushed red pepper flakes, or to taste (optional)
 8 slices whole wheat bread
 1/2 cup softened cream cheese
 1/2 cup fresh blueberries
 4 eggs
 1/3 cup milk
 1/4 cup butter"
baked-french-toast,"2 o organics\u2122 large eggs
 2 o organics large egg whites
 3/4 cup o organics fat free organic milk
 1 tablespoon vanilla
 2 teaspoons sugar
 1/2 teaspoon ground cinnamon
 1/4 teaspoon ground nutmeg
 8 sweet french or challah bread, powdered sugar, maple syrup, orange wedges"
mascarpone-stuffed-french-toast-with-peaches,"8 fresh peaches
 1/2 cup sugar
 4 pinches ground nutmeg
 1/2 teaspoon ground cinnamon
 4 mexican bolillo rolls
 1 cup mascarpone cheese
 6 tablespoons confectioners' sugar
 1 lemon, zested
 6 eggs
 3/4 cup milk
 1/2 teaspoon vanilla extract
 2 teaspoons butter, or as needed
 2 teaspoons vegetable oil, or as needed"
baked-french-swirl-toast,"1 (16 ounce) pepperidge farm\xae cinnamon swirl bread , cut into cubes
 3/4 cup dried cranberries or raisins
 6 eggs
 3 cups half-and-half or milk
 2 teaspoons vanilla extract, cinnamon sugar or confectioners' sugar, whipped butter, pure maple syrup"
french-toast-casserole,"1 (16 ounce) loaf pepperidge farm\xae cinnamon swirl bread, cut into cubes
 6 eggs, beaten
 3 cups milk
 2 teaspoons vanilla extract, confectioners' sugar"
panettone-french-toast-bake,"1 (26.5 ounce) loaf archer farms\xae traditional pannetone, cut into 1-inch cubes
 6 eggs
 2 cups half-and-half
 1 teaspoon archer farms pure vanilla extract
 1/4 teaspoon salt"
pumpkin-french-toast,"4 eggs
 1/4 cup canned pumpkin puree
 1 teaspoon ground cinnamon
 1 pinch ground nutmeg
 8 slices whole wheat bread
 2 teaspoons butter"
sweet-potato-french-toast,"1/4 cup mashed sweet potatoes
 4 eggs
 1/8 teaspoon ground cinnamon
 1/8 teaspoon ground nutmeg
 8 slices whole wheat bread"
captains-crunch-french-toast,"3 large eggs
 2 1/2 tablespoons white sugar
 1 cup heavy cream
 1/2 cup 2% low-fat milk
 1/2 teaspoon vanilla extract
 1/4 teaspoon ground cinnamon
 1/4 teaspoon ground nutmeg
 1/2 (14 ounce) package brown sugar and butter flavored crispy corn and oat breakfast cereal (such as cap\u2019n crunch\xae), crushed
 6 thick slices egg bread (challah)
 2 tablespoons butter"
thymey-wimey-french-toast,"1/4 cup melted butter
 1/4 cup milk
 2 thick slices crusty bread
 2 teaspoons dried thyme leaves
 1/3 cup shredded sharp cheddar cheese, salt and cracked black pepper to taste"
apres-ski-french-toast,"4 slices multigrain bread
 2 eggs
 3/4 cup milk
 1 teaspoon orange juice
 2 teaspoons grated orange zest
 1 teaspoon vanilla extract
 1 teaspoon white sugar
 1/4 teaspoon salt
 1/2 teaspoon ground cinnamon
 1/4 tablespoon ground nutmeg
 2 teaspoons light butter"
chocolate-french-toast,"1 cup milk
 4 eggs
 2/3 cup white sugar
 1/3 cup unsweetened cocoa powder
 1/8 teaspoon baking powder
 1/4 teaspoon salt
 8 slices bread"
original-recipe-french-toast,"4 (1 inch thick) slices king's hawaiian\xae sweet bread
 4 large eggs
 1/2 cup milk
 1/2 teaspoon vanilla
 1/4 teaspoon ground cinnamon, butter or oil for frying, maple syrup"
strawberry-ricotta-stuffed-whole-grain-french-toast,"1/2 cup low-fat ricotta cheese
 2 teaspoons granulated sugar
 4 large eggs, beaten
 1/2 cup milk
 1/2 teaspoon vanilla extract, divided
 8 slices roman meal bread
 2 cups fresh sliced strawberries, divided, non-stick cooking spray, powdered sugar, maple syrup"
chucks-molasses-french-toast,"4 eggs
 3 tablespoons molasses
 1/2 cup heavy cream
 1 teaspoon vanilla extract
 1 pinch ground ginger
 1 pinch ground cinnamon, or more to taste
 12 thick slices challah bread
 1/4 cup butter"
vanilla-banana-french-toast,"2 eggs
 3/4 teaspoon vanilla extract
 1 tablespoon ground cinnamon
 2 1/4 teaspoons white sugar
 2 slices bread
 1 banana, sliced"
blueberry-stuffed-french-toast,"16 slices firm white bread
 1 (8 ounce) package neufchatel cheese, softened
 1 cup blueberries
 3 cups milk
 3 eggs
 1/3 cup maple syrup
 1 teaspoon vanilla extract
 1/4 cup white sugar
 1/4 teaspoon ground nutmeg
 1/4 cup white sugar
 2 tablespoons cornstarch
 1 cup water
 1 cup white sugar
 1 tablespoon butter
 1 cup blueberries"
caribbean-cruise-stuffed-french-toast,"1 (8 ounce) package fat-free cream cheese, softened
 1/3 cup crushed pineapple, drained
 1/2 cup confectioners' sugar
 1 1/2 teaspoons vanilla, divided
 1/2 cup toasted pecan pieces
 12 slices wonder\xae classic white sandwich bread
 4 eggs
 3/4 cup fat-free half and half, whipping cream or milk
 1/4 teaspoon ground cinnamon
 2 tablespoons butter
 1 (12 ounce) jar apricot preserves
 1/3 cup orange juice"
cinnamon-and-sugar-french-waffle-toast,"4 eggs, beaten
 1 cup milk
 2 teaspoons vanilla extract
 2 tablespoons white sugar
 1 teaspoon cinnamon
 9 slices white bread"
french-toast-fingers-with-fruit-dips,"for vanilla pear dip:
 1 (15 ounce) can pear halves in extra light syrup
 1 tablespoon honey
 1/2 teaspoon vanilla extract
 1 tablespoon butter (optional), for french toast fingers:
 3 large or extra-large eggs, lightly beaten
 3/4 cup low-fat milk
 1/4 cup vanilla pear, maple peach, or cinnamon carrot dip, cooking spray or melted butter
 6 slices whole-grain bread, each cut in 5 1-inch-wide strips"
lemon-cream-stuffed-french-toast-with-streusel-topper-and-fresh-blueberries,"1 (8 ounce) package reduced-fat cream cheese (neufchatel)
 1/4 cup powdered sugar
 1 teaspoon vanilla
 1 (22 ounce) can lucky leaf\xae lemon fruit filling
 8 eggs
 2 cups milk
 1 (16 ounce) loaf french bread
 1/2 cup quick-cooking rolled oats
 1/4 cup packed brown sugar
 1 teaspoon ground cinnamon
 1/4 teaspoon salt
 2 tablespoons butter, fresh blueberries or sliced strawberries"
pumpkin-pie-french-toast,"3 large eggs
 1/2 cup half-and-half cream
 1/4 cup canned pumpkin puree
 1 teaspoon ground cinnamon
 1 teaspoon vanilla extract
 1/4 teaspoon pumpkin pie spice
 1/4 cup finely chopped walnuts
 8 slices day-old bread"
panettone-french-toast-with-orange-mascarpone-sauce,"1 (12 ounce) panettone
 1 (8 ounce) container mascarpone cheese
 1/3 cup orange juice
 1/3 cup orange marmalade
 4 eggs
 1/4 teaspoon ground cinnamon
 1 pinch ground nutmeg
 3 tablespoons olive oil"
french-toast-casserole,"1 (22 ounce) loaf o organics\u2122 seeds and grains bread, butter-flavored cooking spray
 8 o organics large egg whites
 2 cups o organics fat-free milk
 1 cup o organics 100% pure no pulp orange juice
 1 tablespoon o organics ground cinnamon
 2 tablespoons o organics maple syrup
 1 tablespoon vanilla extract
 1 teaspoon ground nutmeg, dash salt
 1/2 cup o organics blueberries
 1 cup o organics maple syrup, powdered sugar (optional)"
peanut-butter-french-toast,"1/2 cup milk
 3 eggs
 1/4 cup peanut butter
 2 tablespoons white sugar
 1/2 teaspoon vanilla extract (optional)
 1/4 teaspoon ground cinnamon
 1 tablespoon vegetable oil
 4 slices bread"
mccormick-stuffed-french-toast,"1 (8 ounce) tub whipped cream cheese
 1 tablespoon brown sugar
 3 teaspoons mccormick\xae cinnamon, ground, divided
 1 1/2 teaspoons mccormick\xae pure vanilla extract, divided
 16 (1/2 inch thick) slices italian bread
 1/2 cup apricot preserves or jam
 5 eggs
 1 cup milk
 2 tablespoons butter, divided"
ham-and-provolone-stuffed-french-toast,"4 slices sargento\xae sliced reduced sodium provolone cheese
 2 ounces thinly sliced deli honey baked ham
 4 slices lower sodium rye or millet bread
 1/4 cup milk
 1 large egg, beaten
 1/8 teaspoon ground nutmeg
 2 teaspoons unsalted butter
 1/4 cup pure maple syrup"
easy-pina-colada-french-toast,"8 eggs
 2/3 cup milk
 1/2 cup bottled pina colada drink mix
 1 tablespoon butter, or as needed
 12 (1/2 inch thick) slices french bread
 2 bananas, sliced"
cinnamon-raisin-stuffed-french-toast,"4 ounces cream cheese, softened
 1 tablespoon white sugar
 1/8 teaspoon ground cinnamon
 8 slices raisin cinnamon bread (such as pepperidge farm\xae)
 2 eggs
 3 tablespoons milk
 1/8 teaspoon ground cinnamon
 1 teaspoon butter, or as needed"
patriotic-french-toast,"1 (10 ounce) package frozen strawberries, thawed
 1 cup fresh blueberries
 1 (8 ounce) package cream cheese, softened
 2 cups confectioners' sugar
 2 cups milk
 2 eggs, beaten
 1 teaspoon vanilla extract
 1/2 teaspoon ground cinnamon
 2 tablespoons butter
 8 thick slices bread"
made-over-french-toast-with-spiced-pears,"3 tablespoons honey
 1 tablespoon lemon juice
 1/4 teaspoon ground cinnamon
 1/4 teaspoon ground ginger
 2 large ripe pears, cored and sliced
 2 large eggs
 1/3 cup milk
 1 tablespoon honey
 1/4 teaspoon ground cinnamon
 1/4 teaspoon ground ginger
 4 slices bread
 1/4 cup toasted sliced almonds, for garnish"
crispy-baked-french-toast,"3 large eggs
 1 1/4 cups milk
 3/4 teaspoon sugar
 1 teaspoon vanilla extract
 1 cup kikkoman panko bread crumbs
 8 slices dry white bread
 1/4 cup butter
 1/4 cup vegetable oil, butter, maple syrup"
cardamom-french-toast-casserole,"5 cups cubed stale firm white bread
 1 cup chopped pecans
 3 eggs
 1 1/2 cups milk
 3/4 teaspoon almond extract
 1 tablespoon ground cardamom, or more to taste
 1/2 teaspoon ground cinnamon
 1/2 cup brown sugar
 1 cup confectioners' sugar
 1/2 teaspoon ground cardamom
 3 tablespoons milk, or as needed"
overnight-eggnog-french-toast,"1 cup brown sugar
 1/2 cup butter
 2 tablespoons light corn syrup
 1 loaf french bread, cut into 1-inch slices
 8 eggs
 2 cups prepared eggnog"
pumpkin-french-toast-bake,"8 eggs
 1 teaspoon vanilla extract
 2 teaspoons ground cinnamon
 1/2 teaspoon ground cloves
 1/4 teaspoon ground nutmeg
 1 tablespoon white sugar
 1 (15 ounce) can pumpkin puree
 1 loaf texas toast thick-sliced bread, cut into 1-inch cubes
 1/3 cup brown sugar
 1/4 teaspoon ground cinnamon
 2 tablespoons all-purpose flour
 1 tablespoon butter, softened"
pear-and-almond-french-toast-casserole,"1/4 cup butter, cut into 1/4-inch cubes
 1/2 cup brown sugar
 1 (29 ounce) can pear halves, cut lengthwise into 4 slices
 1 (1 pound) loaf sourdough bread, cut into 1-inch cubes
 2 1/2 cups eggs
 1 1/2 cups milk
 2 tablespoons white sugar
 1 teaspoon vanilla extract
 1/2 teaspoon almond extract
 1/4 cup sliced almonds"
whole-grain-french-toast-with-blackberry-compote,"2 (6 ounce) containers fresh blackberries
 1 tablespoon honey (optional)
 1 egg, separated
 1 egg white
 1/4 teaspoon ground nutmeg
 1/4 teaspoon ground cinnamon
 1/4 teaspoon ground ginger
 5 slices whole-grain bread"
gils-brioche-french-toast,"1 (1 pound) loaf rectangular brioche bread
 3 cups fresh strawberries, hulled, divided
 2 tablespoons water
 2 cups heavy cream, divided
 1 teaspoon vanilla extract (optional)
 1 tablespoon confectioners' sugar (optional)
 6 eggs
 2 tablespoons unsalted butter"
whole-grain-french-toast-and-tropical-fruit-kabobs,"2 large eggs, beaten
 1/4 cup milk
 1 teaspoon vanilla extract, divided
 6 slices roman meal bread, nonstick cooking spray
 1 tablespoon granulated sugar
 2 teaspoons fresh lemon zest
 18 (1 inch) cubes fresh fruit (kiwi, pineapple, mango)
 6 (6 inch) bamboo skewers, yogurt and honey (optional)"
baked-french-toast-with-maple-syrup-and-granola,"1 (1 pound) loaf challah bread, sliced 1/2-inch thick
 4 eggs
 1 quart half-and-half cream
 1/2 cup orange juice
 1/2 cup white sugar
 1/2 cup light brown sugar
 1 teaspoon ground cinnamon
 1/2 teaspoon ground nutmeg
 1 cup granola cereal
 1/2 cup maple syrup
 1/2 cup unsalted butter, melted"
strawberry-cheesecake-french-toast,"1 cup mashed fresh strawberries
 1/2 cup white sugar
 2 tablespoons cornstarch
 1 cup water
 1 cup milk
 6 eggs
 1 (8 ounce) package cream cheese, softened
 1 teaspoon vanilla extract
 3/4 cup white sugar
 8 slices bread, cut in half diagonally
 1 teaspoon butter
 8 sliced fresh strawberries
 1 tablespoon confectioners' sugar for dusting
 1 cup whipped cream"
kathys-french-toast-bake,"1/2 (1 pound) loaf french bread, cubed
 2 (8 ounce) packages cream cheese, cubed
 12 eggs
 2 cups milk
 1/2 cup maple syrup
 1 teaspoon ground cinnamon"
best-oven-baked-french-toast,"1/2 cup butter, melted
 3/4 cup brown sugar
 1 tablespoon ground cinnamon
 12 slices sandwich bread
 6 eggs
 1/2 cup milk
 1 pinch salt"
cinnamon-accented-french-toast,"3 eggs, beaten
 2 teaspoons white sugar
 1 teaspoon milk
 1 teaspoon ground cinnamon
 1/4 teaspoon salt
 6 slices bread"
madisons-angel-food-cake-french-toast,"1 (18.25 ounce) package angel food cake mix
 1 1/4 cups water
 4 eggs
 1 cup whole milk
 2 tablespoons brown sugar
 1 teaspoon ground cinnamon
 1 teaspoon vanilla extract
 1 pinch salt
 2 tablespoons butter, divided"
caramel-french-toast,"1 cup brown sugar
 1/2 cup butter
 2 tablespoons light corn syrup
 1/4 cup pecan halves (optional)
 1 apple, sliced (optional)
 12 slices bread
 6 eggs, beaten
 1 1/2 cups milk
 1 teaspoon vanilla extract
 1/2 teaspoon almond extract
 1/4 teaspoon salt"
baked-french-toast-by-marzetti,"1 cup marzetti's\xae old fashioned caramel dip
 3 granny smith apples, peeled, cored, and diced into 1/2-inch thick pieces
 1/2 teaspoon ground cinnamon
 2 tablespoons water
 3 large eggs
 1/2 cup milk
 1 teaspoon pure vanilla extract
 1 medium loaf italian bread (4 inches in diameter) sliced into 1-inch thick pieces
 2 tablespoons unsalted butter
 1/2 cup chopped pecans"
french-toast-fruit-kabobs-with-dip,"french toast:
 2 eggs
 1 tablespoon milk
 1/4 teaspoon cinnamon
 1 teaspoon maple syrup
 4 slices bread, butter for frying, fresh fruit such as strawberries, kiwi, pineapple, bananas, dip:
 1/4 cup plain greek style yogurt
 1 tablespoon smucker's\xae simple blends\xae summer fruit fruit spread"
vanilla-french-toast,"2 eggs
 1/2 cup milk
 2 tablespoons sugar
 1 tablespoon spice islands\xae pure vanilla extract
 1/4 teaspoon ground cinnamon
 1 tablespoon butter
 6 slices bread"
orange-marmalade-french-toast-casserole,"6 slices sourdough or egg bread
 6 eggs
 2 cups heavy cream
 1 cup orange marmalade
 1 tablespoon ground cinnamon
 1/2 teaspoon spice islands\xae ground nutmeg
 1/4 teaspoon spice islands\xae ground cloves
 1/4 teaspoon spice islands\xae ground ginger, topping:
 1/4 cup butter, softened
 1/2 cup brown sugar"
brunch-baked-french-toast,"3 eggs, beaten
 1 cup milk
 1/4 teaspoon salt
 1/2 cup butter, softened
 2/3 cup brown sugar
 1 (16 ounce) loaf french bread, cut into 1-inch slices
 2 teaspoons ground cinnamon, or to taste"
french-toast-apple-cobbler,"1 (21 ounce) can lucky leaf\xae premium apple fruit filling
 1/4 cup golden raisins or dried cranberries
 2 tablespoons lemon juice
 3/4 teaspoon ground cinnamon
 1/4 teaspoon salt
 3 eggs
 1/2 cup milk
 1/4 cup sugar
 6 (1 inch) thick slices brioche or challah"
chocolate-banana-french-toast,"5 eggs
 2/3 cup chocolate milk
 2 ripe bananas, well mashed
 10 slices bread, butter or cooking oil, sliced bananas and strawberries (optional), maple syrup, chocolate syrup, and/or jam"
praline-pecan-french-toast,"6 eggs
 1 1/2 cups half-and-half
 1 tablespoon brown sugar
 2 teaspoons vanilla extract
 1 (12 ounce) loaf french bread, sliced 1-inch thick
 1 tablespoon butter
 3/4 cup firmly packed brown sugar
 1/2 cup maple syrup
 3/4 cup chopped toasted pecans"
sandwich-french-toast-casserole,"cooking spray
 6 slices whole wheat bread, or more to taste
 1 tablespoon butter, or as needed
 12 slices deli ham, or more to taste
 6 slices swiss cheese, or more to taste
 1/2 cup milk
 4 eggs
 1 teaspoon worcestershire sauce
 1/2 teaspoon mustard powder, salt and ground black pepper to taste"
syrup-on-the-bottom-french-toast-casserole,"1 1/2 cups dark brown sugar
 3/4 cup unsalted butter
 6 tablespoons light corn syrup
 1/2 cup whole milk
 1/8 teaspoon salt
 1 (1 pound) loaf challah bread, cut into 1/2-inch slices
 2 1/2 cups whole milk
 4 large eggs, beaten
 1 1/2 teaspoons vanilla extract
 1/4 teaspoon salt
 3 tablespoons white sugar
 1 1/2 teaspoons ground cinnamon"
strawberry-cream-cheese-french-toast,"12 slices home-style white bread, cut into 1-inch cubes, divided
 2 (8 ounce) packages cold cream cheese, cut into 1-inch cubes
 1 1/2 cups sliced fresh strawberries
 2 cups half-and-half
 12 large eggs
 1/3 cup pure maple syrup, sauce:
 1 cup white sugar
 1 cup water
 2 tablespoons cornstarch
 1 cup sliced fresh strawberries
 1 tablespoon butter"
praline-pecan-french-toast,"1 1/2 cups half-and-half
 8 eggs
 2 tablespoons vanilla extract
 1 tablespoon dark brown sugar
 8 slices french bread
 1/4 cup butter, or more as needed
 3/4 cup brown sugar
 1/2 cup maple syrup
 3/4 cup chopped pecans
 2 tablespoons confectioners sugar, or more to taste"
sugar-free-french-toast-casserole,"1 serving cooking spray (such as pam\xae)
 5 cups cubed bread
 4 eggs
 1 1/2 cups milk
 1/4 cup granular sucralose sweetener (such as splenda\xae), divided
 2 teaspoons ground cinnamon, divided
 1 teaspoon vanilla extract"
berry-good-french-toast-bake,"6 eggs
 1 1/2 cups milk
 1/2 cup all-purpose flour
 1 tablespoon white sugar
 1 teaspoon ground cinnamon
 1/2 teaspoon vanilla extract
 1/2 teaspoon ground nutmeg
 1/4 teaspoon salt
 10 thick slices french bread, cut into 1-inch cubes
 1 cup fresh blueberries
 1/2 cup chopped pecans (optional)
 1 (3 ounce) package cream cheese, cut into 1/2-inch cubes"
baked-cinnamon-apple-french-toast,"cooking spray
 1 cup light brown sugar
 1/2 cup light butter, melted
 1 teaspoon ground cinnamon
 3 granny smith apples - peeled, cored, and thinly sliced
 1/2 cup dried cranberries
 1/2 cup chopped pecans
 1 loaf italian bread, cut into 1/2-inch slices
 1 1/2 cups egg substitute
 1 1/2 cups skim milk
 1 tablespoon vanilla extract
 2 teaspoons ground cinnamon"
pineapple-stuffed-french-toast,"1 cup chopped fresh pineapple, drained
 1 1/2 teaspoons ground cinnamon, divided
 4 slices good bread
 2 tablespoons cream cheese
 1 cup whole milk
 1 egg
 2 tablespoons white sugar
 1/2 teaspoon vanilla extract
 1 tablespoon butter
 2 tablespoons hot fudge sauce, or to taste"
crunchy-baked-french-toast,"2 eggs
 1/4 cup milk
 1 tablespoon white sugar
 1 1/2 teaspoons vanilla extract
 1 teaspoon ground cinnamon
 2 cups corn flakes cereal, crushed
 4 slices bread, toasted"
raisin-bread-french-toast-casserole,"5 cups cubed cinnamon raisin bread
 1 1/2 cups milk
 4 eggs
 1/4 cup white sugar
 1 teaspoon vanilla extract
 3 tablespoons softened butter, cut into chunks
 2 teaspoons ground cinnamon"
french-toast-cups-topped-with-nutella,"3 eggs
 3/4 cup low fat milk (2% or less m. f.)
 1 teaspoon pure vanilla extract
 1/2 teaspoon ground cinnamon
 6 slices whole grain bread
 1/3 cup plain low fat greek yogurt (2% or less m.f.)
 1 teaspoon granulated sugar
 1/4 teaspoon orange zest
 1/3 cup nutella\xae
 1 cup fresh berries (strawberries, blueberries and raspberries)"
nutella-french-toast-casserole,"12 slices whole grain bread
 2 ripe pears, peeled and thinly sliced
 1 cup fresh blueberries
 4 eggs
 1 1/2 cups milk
 1/4 cup pure maple syrup
 1 teaspoon vanilla extract
 1 teaspoon ground cinnamon
 6 tablespoons nutella\xae"
french-toast-sausage-fluffins,"1 (9.6 ounce) box pre-cooked maple flavored pork sausage links
 2 3/4 cups all-purpose flour*
 1 (.25 ounce) envelope fleischmann's\xae rapidrise yeast
 2 tablespoons sugar
 1 teaspoon salt
 1 cup very warm milk (120 to 130 degrees f)
 1 tablespoon mazola\xae corn oil
 1 egg
 1 teaspoon spice islands\xae pure vanilla extract, cinnamon sugar topping:
 2 tablespoons sugar
 1/2 teaspoon spice islands\xae ground saigon cinnamon
 2 tablespoons butter or margarine, melted, for dipping (optional):, pancake syrup"
french-toast-cupcakes,"1 1/4 cups all-purpose flour
 2/3 cup milk
 1/2 cup yogurt
 1/2 cup white sugar
 1/2 cup butter, melted
 1/2 cup raisins
 1/3 cup dark brown sugar
 2 tablespoons maple syrup, or more to taste
 1 1/2 teaspoons vanilla extract
 1 teaspoon baking powder
 1 teaspoon ground cinnamon
 1/2 teaspoon baking soda
 1/2 teaspoon salt"
cinnamon-french-toast-bake,"1/4 cup land o lakes\xae butter, melted
 2 (12.4 ounce) cans pillsbury\xae refrigerated cinnamon rolls with icing
 6 land o lakes\xae eggs
 1/2 cup heavy whipping cream
 2 teaspoons ground cinnamon
 2 teaspoons vanilla
 1 cup fisher\xae chef's naturals\xae chopped pecans
 1 cup maple syrup, garnish:, icing from cinnamon rolls, powdered sugar
 1/2 cup maple syrup (optional)"
apple-pie-french-toast,"4 apples, peeled and thinly sliced
 1 teaspoon lemon juice, or as needed (optional)
 1/2 cup butter
 2 1/2 tablespoons all-purpose flour
 1/2 cup brown sugar
 1/2 cup white sugar
 1/4 cup water
 9 eggs
 1/4 cup milk
 1/2 teaspoon ground cinnamon
 1/2 teaspoon vanilla extract
 1 loaf thick-cut bread
 1/2 cup frozen butter"
french-toast-with-mixed-berries-with-truvia-natural-sweetener,"1 cup fat-free (skim) milk
 1/2 cup fat-free egg product
 1 tablespoon truvia\xae natural sweetener spoonable
 1/4 teaspoon salt
 1 teaspoon vanilla
 1 tablespoon butter
 6 slices flourless sprouted 100% whole grain bread
 1 1/2 cups mixed fresh berries (raspberries, strawberries, blueberries), sliced if large
 6 tablespoons frozen (thawed) sugar-free whipped topping, sugar-free maple-flavored syrup, if desired"
incredibly-sweet-and-aromatic-french-toast,"1 tablespoon butter, or as needed
 2 cups milk
 3 eggs
 1/2 cup white sugar
 1 teaspoon vanilla extract
 1/2 teaspoon ground cinnamon
 1/2 teaspoon ground allspice
 12 thick slices texas toast
 2 tablespoons confectioners' sugar, or as needed (optional)"
french-toast-roll-ups,"1 (8 ounce) package cream cheese, softened
 1 egg yolk
 1 cup white sugar, divided
 24 slices white bread, crusts removed
 1 tablespoon ground cinnamon
 3 tablespoons butter, melted"
hazelnut-french-toast,"1 cup beaten eggs
 1 cup half-and-half
 2 tablespoons hazelnut liqueur (such as frangelico\xae)
 2 tablespoons butter, divided, or more as needed
 12 pieces brioche (about 1 1/2-inch thick)
 1 cup toasted hazelnuts, chopped
 1/2 cup maple syrup, or to taste"
simple-french-toast-in-a-cup,"1 tablespoon butter
 1/4 cup milk
 1 egg, beaten
 1/4 teaspoon ground cinnamon
 1/4 teaspoon white sugar
 1/4 teaspoon vanilla extract
 2 slices bread, cut into cubes"
chef-johns-french-toast,"2 eggs
 1/2 cup milk
 1 teaspoon vanilla extract
 1/2 teaspoon ground cinnamon
 1/4 teaspoon ground allspice
 1 pinch salt
 6 (1 inch thick) slices french bread
 1 tablespoon butter, or as needed"
croissant-french-toast,"cooking spray
 3 eggs
 2 cups half-and-half
 1/4 teaspoon vanilla extract
 1 pinch ground cinnamon
 6 croissants, split
 1 tablespoon confectioners' sugar"
banana-roll-french-toast,"2 teaspoons vegetable oil
 8 large slices whole wheat bread
 2 bananas, mashed
 1 (8 ounce) package cream cheese, softened
 2 tablespoons white sugar
 1/4 teaspoon ground cinnamon
 2 eggs"
pineapple-sage-scented-challah-french-toast,"1/2 cup 1% milk, divided
 1/4 cup fresh pineapple sage leaves
 1 egg, beaten
 2 teaspoons brown sugar
 1 splash vanilla extract
 2 thick slices raisin challah bread
 1 tablespoon vegetable oil, or as needed"
baked-coconut-french-toast,"cooking spray
 16 (1 inch thick) slices french bread, cut diagonally
 1 1/4 cups light coconut milk
 1 1/4 cups egg substitute
 1/2 cup white sugar
 1 tablespoon vanilla extract
 1/2 cup sweetened flaked coconut"
apple-cinnamon-french-toast,"pam\xae no-stick cooking spray
 3 medium apples, peeled, cored, and cut into 1/8-inch-thick slices
 3 tablespoons maple flavored pancake syrup
 1/2 cup egg beaters\xae original
 1/4 cup fat free milk
 6 slices cinnamon swirl bread, confectioners' sugar (optional)"
apple-and-cheddar-french-toast-sandwich,"2 eggs
 1 1/2 tablespoons milk
 1 teaspoon herbes de provence, or to taste
 4 slices day-old artisan-style bread
 2 tablespoons butter
 1 cup fresh spinach, or to taste
 1/2 granny smith apple, cored and thinly sliced
 4 slices cheddar cheese, or to taste"
french-toast-pancakes,"2 teaspoons vegetable oil
 1 cup all-purpose flour
 1 tablespoon white sugar
 1 teaspoon baking powder
 1/2 teaspoon baking soda
 1/4 teaspoon salt
 1 pinch ground nutmeg, or to taste
 1 pinch ground cinnamon, or to taste
 1 cup milk
 1 egg
 2 tablespoons vegetable oil
 1 dash vanilla extract, or to taste"
pbj-french-toast,"6 tablespoons peanut butter
 6 tablespoons mixed berry jam
 12 slices challah bread
 1 cup milk
 4 eggs
 1/4 cup white sugar
 2 tablespoons raspberry-flavored liqueur
 1/2 teaspoon vanilla extract
 1 tablespoon vegetable oil, or as needed"
baked-apple-french-toast-casserole,"cooking spray
 4 eggs, beaten
 1/2 cup half-and-half
 1/2 cup milk
 1 tablespoon white sugar
 1 tablespoon vanilla extract
 1 (8 ounce) loaf french bread, cut into small cubes
 1/4 cup butter
 3 granny smith apples - peeled, cored, and cut into small dice
 1/4 cup brown sugar
 1 teaspoon ground cinnamon"
amazing-slow-cooker-french-toast,"1 apple, cut into bite-size pieces
 1/3 cup brown sugar
 6 tablespoons butter, thinly sliced
 6 eggs
 1 cup milk
 1 teaspoon vanilla extract, or to taste
 1 teaspoon ground allspice, or to taste
 1/2 cup raisins (optional)
 1 (16 ounce) loaf cinnamon-raisin bread, torn into chunks"
nutella-stuffed-french-toast,"2 tablespoons chocolate-hazelnut spread (such as nutella\xae), or more to taste
 4 slices cinnamon bread (such as pepperidge farm\xae)
 1/4 cup milk
 1 large egg, beaten
 1/4 teaspoon vanilla extract, cooking spray"
smoked-salmon-french-toast-sandwich,"2 eggs
 1 1/2 tablespoons milk
 1 pinch herbes de provence, or to taste
 2 tablespoons butter
 4 slices day-old french bread
 1/2 cup fresh spinach leaves, or to taste, cream cheese
 4 ounces smoked salmon, or more to taste"
banana-and-nutella-french-toast,"1/4 cup chocolate-hazelnut spread (such as nutella\xae)
 4 slices bread
 1 banana, sliced
 1/4 cup chocolate milk
 2 eggs, beaten
 1 tablespoon vanilla extract
 1/2 teaspoon ground cinnamon
 2 tablespoons butter"
chia-seed-coconut-and-raspberry-french-toast-sticks,"3 thick slices whole grain bread
 1/4 cup coconut
 1/4 cup chia seeds
 1/4 cup half-and-half
 2 eggs
 1 tablespoon white sugar
 1 1/2 teaspoons ground cinnamon
 1 teaspoon vanilla extract
 1/2 teaspoon salt
 2 teaspoons unsalted butter, or as needed
 1/2 cup fresh raspberries
 1/2 cup vanilla yogurt
 2 ounces maple syrup, or to taste"
vanilla-almond-spiced-french-toast,"2 cups whole milk
 2 tablespoons brown sugar
 4 large eggs
 1 teaspoon double-strength imitation vanilla extract (such as goodman's route 66)
 1/2 teaspoon almond extract (such as watkins\xae pure almond extract)
 1/2 teaspoon ground cinnamon
 1/4 teaspoon ground nutmeg
 1/8 teaspoon ground allspice
 8 thick slices slightly stale texas toast"
easy-french-toast-casserole,"1 cup brown sugar
 1/2 cup butter
 1 (8 ounce) loaf crusty french bread, cut into bite-size pieces, or as needed
 2 cups milk
 6 eggs
 2 teaspoons vanilla extract
 1 pinch ground cinnamon, or to taste
 1 tablespoon brown sugar, or as needed"
bacon-stuffed-french-toast-casserole,"1 pound bacon
 1/2 cup butter, sliced into pats
 12 slices bread
 1 1/2 tablespoons ground cinnamon, divided, or more to taste
 1 1/2 tablespoons white sugar, divided, or more to taste
 1 tablespoon brown sugar, divided, or more to taste
 1 pinch ground nutmeg, or more to taste (optional)
 1 1/2 cups milk
 5 eggs, beaten
 1 teaspoon vanilla extract"
vegan-french-toast,"1 cup soy milk
 2 tablespoons all-purpose flour
 1 tablespoon nutritional yeast
 1 teaspoon raw sugar
 1 teaspoon vanilla extract
 1/3 teaspoon ground cinnamon
 4 slices bread"
french-toast-roll-ups-from-musselmans-apple-butter,"16 slices white sandwich bread
 1 cup musselman's\xae apple butter
 2 eggs
 1/4 cup milk
 3/4 teaspoon cinnamon, divided
 1/8 pinch ground nutmeg
 2 tablespoons butter, melted
 1 tablespoon sugar
 3 ounces cream cheese, softened
 1/4 cup apple butter
 1/2 cup powdered sugar
 2 tablespoons milk"
strawberry-french-toast,"1/2 cup sliced almonds (optional)
 1 (10 ounce) package frozen strawberries - thawed, drained, and juice reserved, water as needed
 1/2 cup white sugar
 2 tablespoons cornstarch
 1 (8 ounce) package cream cheese, softened
 2 tablespoons white sugar
 1 teaspoon vanilla extract
 1 cup milk
 3 eggs, beaten
 1 1/2 teaspoons white sugar
 1/2 teaspoon ground cinnamon
 1/4 teaspoon ground nutmeg
 1 loaf italian bread
 1 tablespoon butter, or as needed"
valentines-day-french-toast,"8 eggs
 1 tablespoon milk, or to taste
 3 dashes ground nutmeg, or to taste
 2 dashes ground cinnamon, or to taste
 4 slices bread
 1 teaspoon butter, or to taste
 1 banana, or more to taste, sliced
 6 strawberries, or more to taste, sliced
 2 tablespoons maple syrup, or to taste, warmed
 1/2 teaspoon confectioners' sugar, or to taste"
french-toast-pecan-cookies,"1 1/4 cups all-purpose flour
 1/2 cup white sugar
 1/2 cup packed brown sugar
 1 tablespoon ground cinnamon
 1/2 teaspoon baking soda
 1/2 cup butter, softened
 1 egg
 1 teaspoon vanilla extract
 1 teaspoon rum-flavored extract
 1/2 cup chopped pecans
 12 pecan halves (optional)
 1 pinch coarse salt, or to taste"
baked-french-toast-casserole,"french toast:
 6 large eggs
 2 cups half-and-half
 1 cup low-fat milk
 2 tablespoons white sugar
 1 teaspoon vanilla extract
 1 teaspoon ground cinnamon
 1 teaspoon nutmeg
 1 pinch salt
 1 loaf french bread, cut into 1-inch slices, praline topping:
 1 cup chopped pecans
 1 cup light brown sugar
 1 cup unsalted butter, melted
 2 teaspoons light corn syrup
 1 teaspoon ground cinnamon
 1 teaspoon ground nutmeg
 2 tablespoons confectioners' sugar, or to taste (optional)"
overnight-blueberry-french-toast-casserole,"1 (8 ounce) package cream cheese, softened
 1 cup confectioners' sugar
 2 tablespoons milk
 1 tablespoon vanilla extract, divided
 2 cups blueberries, divided
 2 loaves french bread, cubed
 2 cups milk
 8 eggs
 1 teaspoon ground cinnamon
 1/2 teaspoon ground nutmeg"
maple-french-toast-sandwich,"8 slices maple-cured bacon
 7 eggs
 3 tablespoons brown sugar
 2 tablespoons ground cinnamon
 1 tablespoon ground nutmeg
 4 slices bread
 5 tablespoons oil, or as needed
 1 teaspoon maple syrup, or to taste"
easy-baked-banana-french-toast,"8 eggs
 1 3/4 cups milk
 1/3 cup brown sugar
 1/4 cup butter, melted
 1 tablespoon vanilla extract
 1 teaspoon ground cinnamon
 1/4 teaspoon ground nutmeg
 12 slices wheat bread, cubed
 2 bananas, sliced"
overnight-gingerbread-french-toast,"1/4 cup butter
 1 loaf french bread, cut into 3/4-inch slices
 1/2 cup milk, or as needed
 3 eggs
 1/4 cup maple syrup
 1/4 cup molasses
 1 teaspoon ground cinnamon
 1 teaspoon ground allspice
 1 teaspoon ground ginger
 1/2 teaspoon ground nutmeg
 1/2 teaspoon ground cloves
 1 pinch salt, or to taste
 2 tablespoons confectioners' sugar for dusting, or to taste"
gingerbread-french-toast,"1/2 cup milk
 2 eggs
 1 tablespoon white sugar
 2 teaspoons rum extract
 1 teaspoon salt
 1/4 teaspoon ground cinnamon
 1/4 teaspoon ground nutmeg
 1/4 teaspoon ground cloves
 1/8 teaspoon ground ginger
 4 slices white bread
 1 tablespoon butter, or as needed"
savory-parmesan-french-toast,"4 eggs
 1/3 cup grated parmesan cheese
 1/4 cup milk, ground black pepper to taste
 1 tablespoon butter, plus more as needed
 4 slices whole wheat bread"
hillshire-farm-litl-smokies-french-toast-bites,"1 (12.5 ounce) package frozen french toast
 1 (14 ounce) package hillshire farm lit'l smokies\xae smoked sausage
 1/4 cup maple syrup, plus extra for brushing
 40 toothpicks
 1 teaspoon dijon mustard
 1 tablespoon confectioners' sugar"
bananas-foster-french-toast-bake,"cooking spray
 1 loaf french bread, cut diagonally into 1-inch slices
 1 1/2 cups half-and-half
 6 eggs, slightly beaten
 2 teaspoons vanilla extract
 1 teaspoon ground cinnamon
 1/2 teaspoon salt
 3 large bananas, cut diagonally into 1/2-inch slices
 1 cup brown sugar
 1/2 cup unsalted butter, melted
 2 tablespoons light corn syrup"
bananas-foster-french-toast,"butter-flavored cooking spray (such as pam\xae)
 1/2 (12 count) package hawaiian bread rolls (such as king's\xae)
 3 eggs
 3/4 cup milk
 1 1/2 tablespoons vanilla extract
 1 tablespoon ground cinnamon
 2 bananas, sliced 1/8-inch thick
 1/2 cup brown sugar
 1/4 cup chopped pecans
 1/4 cup butter, cut into 1/4-inch cubes"
easy-french-toast-waffles,"cooking spray
 1/2 cup whole milk
 2 large eggs
 1 tablespoon maple syrup
 1/2 teaspoon vanilla extract
 1 pinch salt
 4 pieces 1/2-inch thick pieces brioche"
french-toast-sandwich,"2 eggs
 3 tablespoons milk
 3 tablespoons white sugar
 1/2 teaspoon vanilla extract
 4 slices plain bread, cut into 4 pieces
 1 cup oil for frying
 1 cup milk, divided
 2 tablespoons custard powder
 1/2 cup confectioners' sugar
 1/2 cup whipped cream
 8 strawberries, halved
 8 toothpicks"
fruity-french-toast-sandwiches,"2 tablespoons cream cheese
 2 tablespoons jam (any flavor)
 1 1/2 cups milk
 1 large egg
 1/8 teaspoon vanilla extract
 1 dash ground cinnamon
 2 slices bread"
yummy-and-healthy-banana-french-toast-sandwich,"2 tablespoons liquid egg substitute
 1 tablespoon vanilla-flavored soy milk (such as silk\xae)
 1 dash vanilla extract
 1 dash ground cinnamon
 1 banana, thinly sliced
 2 slices whole wheat bread, cooking spray"
bacon-crusted-fruit-stuffed-french-toast,"4 slices bacon, filling:
 1/2 (8 ounce) package cream cheese, softened
 2 tablespoons butter, at room temperature
 2 tablespoons white sugar
 4 strawberries, diced, or more to taste
 1/2 teaspoon lemon juice
 4 slices bread, egg wash:
 3 eggs
 1/2 cup coconut milk
 1/2 teaspoon vanilla extract
 1 dash ground nutmeg
 1 dash salt
 2 tablespoons butter
 1 sprig mint leaves, slivered"
french-toast-wrapped-in-bacon,"2 large eggs
 1 tablespoon ground cinnamon
 1 tablespoon vanilla extract
 1 cup maple syrup
 2 slices bread
 8 slices bacon"
