title,ingredients,instructions
banana-stuffed-french-toast,"1 (1 pound) loaf French bread, cut into 1 inch slices
2 bananas, peeled and sliced
3 eggs, beaten
1 teaspoon water
1 tablespoon milk
1 teaspoon vanilla extract
1 tablespoon orange liqueur 
1 teaspoon grated orange zest
¼ cup butter
confectioners' sugar for dusting","Create a pocket about 2/3 of the way into each slice of bread by cutting along an edge. Fill pockets with 2 or 3 banana slices each.

In a medium bowl, beat together eggs, water, milk, vanilla extract, orange liqueur and orange zest. Dip the bread slices in the mixture, allowing slices to become saturated.

Melt butter in a medium skillet over medium heat. Place a few slices at a time in the skillet, and cook, turning once, until both sides are golden brown. Dust with confectioners' sugar to serve.
"
blueberry-stuffed-french-toast,"16 slices firm white bread
1 (8 ounce) package Neufchatel cheese, softened
1 cup blueberries
3 cups milk
3 eggs
⅓ cup maple syrup
1 teaspoon vanilla extract
¼ cup white sugar
¼ teaspoon ground nutmeg
¼ cup white sugar
2 tablespoons cornstarch
1 cup water
1 cup white sugar
1 tablespoon butter
1 cup blueberries","Grease a 9x13 inch baking dish with butter. Cut 10 slices of the bread into 3/4 inch cubes. Spread Neufchatel cheese over one side of the remaining 6 slices of bread. Arrange the bread, cheese side up, in the baking dish. Sprinkle with 1 cup of the blueberries, then top with the bread cubes.

Whisk together the milk, eggs, maple syrup, vanilla extract, and 1/4 cup of sugar in a bowl. Pour over the bread. Cover and refrigerate overnight.

Preheat an oven to 350 degrees F (175 degrees C).

Mix together the nutmeg and 1/4 cup of sugar in a small bowl. Sprinkle over bread mixture. Cover with foil and bake in the preheated oven until a knife inserted into the center comes out clean, 20 to 30 minutes. Cool in the pan for 5 minutes before serving.

To make compote: Heat cornstarch, water and remaining 1 cup of sugar over medium heat and bring to a simmer, cooking until thickened, about 3 minutes. Remove from heat and stir in butter and the remaining 1 cup of blueberries. Serve with the french toast.
"
captains-crunch-french-toast,"3 large eggs
2 ½ tablespoons white sugar
1 cup heavy cream
½ cup 2% low-fat milk
½ teaspoon vanilla extract
¼ teaspoon ground cinnamon
¼ teaspoon ground nutmeg
½ (14 ounce) package brown sugar and butter flavored crispy corn and oat breakfast cereal (such as Cap’n Crunch®), crushed
6 thick slices egg bread (Challah)
2 tablespoons butter","Beat the eggs and sugar in a bowl until smooth. Pour in the cream, milk, vanilla extract, cinnamon, and nutmeg; whisk until smooth. Pour the crushed cereal into a shallow dish; set aside. Dip the egg bread into the egg mixture two pieces at a time until the egg has been soaked into the center of the slices, about 30 seconds per side. Press the soaked bread into the crushed cereal until coated on both sides. Set the finished slices aside on a piece of waxed paper.

Melt the butter in a nonstick skillet over medium-high heat. Cook the French toast in the hot pan until golden on both sides, about 3 minutes per side.
"
caramel-french-toast,"1 cup brown sugar
½ cup butter
2 tablespoons light corn syrup
¼ cup pecan halves
1 apple, sliced
12 slices bread
6 eggs, beaten
1 ½ cups milk
1 teaspoon vanilla extract
½ teaspoon almond extract
¼ teaspoon salt","Grease a 9x13-inch baking dish.

Heat brown sugar, butter, and corn syrup in a saucepan over medium heat until thickened, about 5 minutes. Pour mixture into prepared baking dish and sprinkle with pecans. Arrange apple slices over pecans. Layer bread slices over apple in two layers.

Whisk eggs, milk, vanilla extract, almond extract, and salt in a bowl; pour over bread and allow to set for 1 hour at room temperature or cover and refrigerate overnight.

Preheat oven to 350 degrees F (175 degrees C).

Uncover and bake in preheated oven until fluffy and golden brown, 40 to 45 minutes.
"
caramelized-french-toast,"4 tablespoons butter, divided
6 eggs
½ cup milk
⅛ teaspoon salt
8 slices bread
1 cup brown sugar
½ cup water","Melt two tablespoons of butter in a frying pan or skillet over medium high heat.

Beat together eggs, milk and salt. Dip bread one at a time into egg mixture and fry until light brown and egg is cooked.

After 4 slices of bread have been cooked, melt remaining 2 tablespoons butter. Cook remaining bread slices until light brown on both sides and egg is cooked.

After all bread slices have been cooked and removed from pan, add brown sugar to pan. Stir until melted and sticky. Add water and stir. Place French toast in caramel sauce. Turn to coat, then remove from pan. Serve.
"
caribbean-cruise-stuffed-french-toast,"1 (8 ounce) package fat-free cream cheese, softened
⅓ cup crushed pineapple, drained
½ cup confectioners' sugar
1 ½ teaspoons vanilla, divided
½ cup toasted pecan pieces
12 slices Wonder® Classic White Sandwich Bread
4  large eggs eggs
¾ cup fat-free half and half, whipping cream or milk
¼ teaspoon ground cinnamon
2 tablespoons butter
1 (12 ounce) jar apricot preserves
⅓ cup orange juice","Combine cream cheese and pineapple. Stir in confectioners sugar, 1 teaspoon vanilla and pecans. Spread 6 slices of bread with cream cheese mixture. Top with remaining 6 slices of bread.

Whisk eggs, half and half, remaining 1/2 teaspoon vanilla and cinnamon together. Carefully dip each sandwich into egg mixture.

Melt butter in a large skillet or griddle over medium-high heat. Cook sandwiches until golden brown on both sides.

Combine apricot preserves and orange juice in a small saucepan. Heat, stirring constantly, until warm. Ladle over stuffed French toast.
"
cheddar-french-toast-with-dried-fruit-syrup,"1 ½ cups maple syrup
1 (7 ounce) bag diced dried mixed fruit
¼ cup chopped walnuts
12 slices Italian or French bread (cut diagonally 1-inch thick)
1 ⅓ cups shredded sharp Cheddar cheese
4  large eggs eggs
2 cups milk
¼ teaspoon salt","Combine syrup, fruit and walnuts; let stand overnight. Cut a slit in the crust of each slice of bread to form a pocket. Stuff each pocket with 2 tablespoons cheese. In a bowl, beat eggs, milk and salt; soak bread for 2 minutes per side. Cook on a greased hot griddle until golden brown on both sides. Serve with dried fruit syrup.
"
cheesy-french-toast,"4 eggs, beaten
¼ cup milk
1 cup shredded Swiss cheese
1 tablespoon chopped fresh chives
4 teaspoons butter
1 French baguette, cut into 1/2 inch slices
8 ounces sliced ham
1 cup tomato chutney","In a shallow bowl, whisk together the eggs, milk, Swiss cheese and chives. Melt the butter in a large skillet over medium heat. Dip slices of bread into the egg mixture, then place them in the skillet. Cook for 3 to 5 minutes per side, or until golden and crispy. Serve with sliced ham and tomato chutney.
"
chef-johns-french-toast,"2 eggs
½ cup milk
1 teaspoon vanilla extract
½ teaspoon ground cinnamon
¼ teaspoon ground allspice
1 pinch salt
6 (1 inch thick) slices French bread
1 tablespoon butter, or as needed","Preheat oven to 400 degrees F (200 degrees C).

Whisk eggs, milk, vanilla extract, cinnamon, allspice, and salt together in a large bowl. Place bread slices in egg mixture and soak, turning to coat, until bread is completely saturated.

Melt butter in a cast-iron skillet over medium heat. Working in batches, cook bread in hot butter until golden, about 3 minutes per side. Transfer toasted bread to a baking sheet.

Bake toast in the oven until outside is crisp and slightly puffed, 12 to 15 minutes.
"
chocolate-banana-french-toast,"5  large eggs eggs
⅔ cup chocolate milk
2 each ripe bananas, well mashed
10 slices bread
1 tablespoon Butter or cooking oil
1 slice Sliced bananas and strawberries
4 tablespoons Maple syrup, chocolate syrup, and/or jam","Whisk eggs in a large bowl until well blended. Whisk in chocolate milk and bananas.

Dip bread slices into egg mixture; let soak briefly to coat both sides. Remove bread, letting excess egg mixture drip back into bowl, and place in a large lightly buttered or oiled frying pan over medium heat. Cook bread for a few minutes on both sides until golden brown.

Serve topped with bananas and strawberries, if desired, and drizzled with syrup. Or, spread with jam.
"
chocolate-french-toast,"3  large eggs eggs
1 cup milk
1 teaspoon sugar
1 teaspoon vanilla extract
¼ teaspoon salt
12 slices day old bread, crusts removed
3 (1.55 ounce) bars milk chocolate candy bars*, halved
2 tablespoons butter or margarine
½ cup confectioners' sugar","In a bowl, beat eggs, milk, sugar, vanilla and salt. Pour half into an ungreased 13-in. x 9-in. x 2-in. baking dish. Arrange six slices of bread in a single layer over egg mixture. Place one piece of chocolate in the center of each piece of bread. Top with remaining bread; pour remaining egg mixture over all. Let stand for 5 minutes. In a large nonstick skillet, melt butter over medium heat. Fry sandwiches until golden brown on both sides.  Dust with confectioners' sugar. Cut sandwiches diagonally; serve warm.
"
chucks-molasses-french-toast,"4 eggs
3 tablespoons molasses
½ cup heavy cream
1 teaspoon vanilla extract
1 pinch ground ginger
1 pinch ground cinnamon, or more to taste
12 thick slices challah bread
¼ cup butter","Beat together the eggs, molasses, cream, vanilla, ginger, and cinnamon in a bowl until smooth. Dip the challah slices in the batter until coated on all sides.

Melt half of the butter in a large skillet over medium heat. Place half of the challah slices into the pan, and cook until golden brown on each side, about 3 minutes per side. Repeat with remaining butter and challah slices.
"
cinnamon-accented-french-toast,"3 eggs, beaten
2 teaspoons white sugar
1 teaspoon milk
1 teaspoon ground cinnamon
¼ teaspoon salt
6 slices bread","Mix beaten eggs, sugar, milk, cinnamon, and salt in a large, shallow bowl. Dip bread slices into egg mixture to coat.

Heat a skillet over medium heat. Cook bread in hot skillet until browned completely, 2 to 3 minutes per side.
"
cinnamon-and-sugar-french-waffle-toast,"4 eggs, beaten
1 cup milk
2 teaspoons vanilla extract
2 tablespoons white sugar
1 teaspoon cinnamon
9 slices white bread","Preheat a waffle iron according to the manufacturer's instructions, and spray with cooking spray.

In a shallow bowl, whisk together the eggs, milk, vanilla extract, sugar, and cinnamon. Dip each piece of white bread into the egg mixture. Cook in the preheated waffle iron until golden brown, 1 to 2 minutes.
"
cinnamon-raisin-stuffed-french-toast,"4 ounces cream cheese, softened
1 tablespoon white sugar
⅛ teaspoon ground cinnamon
8 slices raisin cinnamon bread (such as Pepperidge Farm®)
2 eggs
3 tablespoons milk
⅛ teaspoon ground cinnamon
1 teaspoon butter, or as needed","In a small bowl, mix together the cream cheese, sugar, and 1/8 teaspoon of cinnamon until thoroughly combined. Spread cream cheese mixture onto 4 slices of raisin bread. Top each spread slice with another slice of raisin bread to make 4 sandwiches.

In a shallow bowl, beat the eggs with milk and 1/8 teaspoon of cinnamon. Dip each sandwich into the egg mixture on both sides.

Grease a skillet with butter, and place over medium heat. Brown the sandwiches in the skillet for about 2 minutes per side.
"
creme-brulee-french-toast,"½ cup unsalted butter
1 cup packed brown sugar
2 tablespoons corn syrup
6 (1-inch thick) slices French bread
5 eggs
1 ½ cups half-and-half cream
1 teaspoon vanilla extract
1 teaspoon brandy-based orange liqueur (such as Grand Marnier®)
¼ teaspoon salt","Melt butter in a small saucepan over medium heat. Mix in brown sugar and corn syrup, stirring until sugar is dissolved. Pour into a 9x13 inch baking dish.

Remove crusts from bread, and arrange in the baking dish in a single layer. In a small bowl, whisk together eggs, half and half, vanilla extract, orange brandy, and salt. Pour over the bread. Cover, and chill at least 8 hours, or overnight.

Preheat oven to 350 degrees F (175 degrees C). Remove the dish from the refrigerator, and bring to room temperature.

Bake uncovered 35 to 40 minutes in the preheated oven, until puffed and lightly browned.
"
crunchy-raisin-bread-french-toast,"¾ cup egg substitute
⅓ cup skim milk
1 teaspoon vanilla
2 tablespoons powdered sugar
⅛ teaspoon ground nutmeg
2 cups whole grain wheat and barley cereal or coarsely crushed bran flakes 
8 slices Sun-Maid® Raisin Bread
1 tablespoon Powdered sugar for topping","Mix egg substitute, milk, vanilla, powdered sugar and nutmeg in pie plate.

Place cereal in another pie plate.

Spray 12-inch nonstick skillet generously with cooking spray. Heat over medium heat. Dip both sides of 4 slices of the bread in egg mixture, then in cereal.

Cook 2 to 3 minutes or until golden brown, turning once. Repeat with remaining bread, egg mixture and cereal, spraying skillet each time.

Serve topped with powdered sugar, if desired.
"
crunchy-stuffed-french-toast,"½ cup milk
½ teaspoon Archer Farms™ cinnamon
6  large eggs eggs
2 cups Archer Farms™ muesli cereal, crushed
8 slices Archer Farms™ 100% whole wheat bread
½ cup cream cheese spread
½ cup Archer Farms™ Oregon strawberry preserves","Whisk together milk, cinnamon and eggs in 8x8-inch baking pan.  Place crushed cereal in another baking pan or plate; set aside.

Spread 4 slices of bread with cream cheese and preserves; top with remaining bread.

Dip each sandwich in egg mixture, soaking each side.  Coat soaked sandwich in crushed cereal.

Meanwhile, spray nonstick skillet or griddle with cooking spray and heat until hot.  Cook each sandwich over medium heat 2 to 4 minutes on each side or until golden brown.  Cut diagonally in halves or quarters.  Serve with your favorite syrup, if you like.
"
cutters-french-toast,"¼ cup egg substitute
1 cup 1% fat milk
¼ cup SPLENDA® No Calorie Sweetener, Granulated
2 tablespoons ground cinnamon
10 slices whole wheat bread
¼ teaspoon Sugar free maple syrup","Mix together egg substitute, milk, SPLENDA&reg; Granulated Sweetener and cinnamon in a medium mixing bowl.

Dip bread slices, one at a time into the egg mixture.  Place on preheated skillet and cook for about 2 minutes on each side or until golden brown. If desired, serve with warmed sugar free maple syrup.
"
deep-fried-french-toast,"6 eggs
5 ½ teaspoons white sugar
¼ teaspoon salt
2 cups milk
1 cup all-purpose flour
2 quarts vegetable oil for frying
8 thick slices (1-inch thick) French bread","Beat the eggs, sugar, and salt together in a mixing bowl. Whisk in the milk, followed by the flour; whisk until smooth.

Heat oil in a deep-fryer or large saucepan to 375 degrees F (190 degrees C).

Soak the bread slices in the egg mixture until the egg has penetrated through to the center of the bread. Wipe off the excess egg. Cook in the deep-fryer several pieces at a time to avoid overcrowding. Cook until golden brown on both sides and no longer soggy in the center, about 4 minutes. Drain the French toast on a paper towel-lined plate before serving.
"
easy-french-toast,"1 egg
¾ cup milk
1 tablespoon ground cinnamon
1 teaspoon vanilla extract
1 pinch salt
2 slices bread","Beat together egg, milk, cinnamon, vanilla and salt.

Heat a lightly oiled skillet or griddle over medium heat.

Soak bread slices in egg mixture for 20 second on each side, or until thoroughly coated. Cook bread until both sides are lightly browned and crisp. Serve hot.
"
easy-french-toast-waffles,"cooking spray
½ cup whole milk
2 large eggs
1 tablespoon maple syrup
½ teaspoon vanilla extract
1 pinch salt
4 pieces 1/2-inch thick pieces brioche","Preheat a waffle iron according to manufacturer's instructions and spray with cooking spray.

Whisk milk, eggs, maple syrup, vanilla extract, and salt together in a wide bowl until thoroughly combined. Dip bread slices 1 at a time in the egg mixture, coating both sides completely. Lift bread with a slotted spatula to allow excess egg mixture to drain back into the bowl. Place dipped bread slices on a rimmed baking sheet and let rest until mixture soaks in, about 2 minutes.

Place dipped bread in the preheated waffle iron. Gently close the lid without forcing it down. Cook according to manufacturer's instructions until golden brown, 3 to 5 minutes. Repeat with remaining slices.
"
easy-pina-colada-french-toast,"8 eggs
⅔ cup milk
½ cup bottled pina colada drink mix
1 tablespoon butter, or as needed
12 (1/2 inch thick) slices French bread
2 bananas, sliced","Whisk together the eggs, milk, and pina colada mix in a bowl. Heat a skillet over medium heat; melt butter in the skillet until the foam disappears. Soak the bread slices in the egg mixture, turning the slices over a couple of times.

Gently lay the soaked bread slices into the hot skillet 2 at a time and pan-fry until the french toast is golden brown, about 2 minutes per side. Transfer cooked french toast slices to a warmed platter while you finish cooking. Top each 2-slice serving with several slices of banana to serve.
"
eggnog-cinnamon-french-toast,"2 cups eggnog
1 teaspoon cinnamon
2  large eggs eggs
1  serving Vegetable oil cooking spray or butter or margarine
12 slices firm white bread","Combine LACTAID&reg; EggNog, cinnamon and eggs in a shallow dish. Beat with whisk.

Spray large nonstick skillet with vegetable oil cooking spray or melt butter or margarine over medium heat.

Dip the bread into the eggnog mixture, turning to coat both sides. Fry bread over medium heat until golden brown on each side.
"
eggnog-french-toast,"24 (3/4 inch thick) slices French bread
9  large eggs eggs
3 cups half-and-half cream
⅓ cup sugar
2 teaspoons vanilla extract
1 ½ teaspoons rum extract
½ teaspoon ground nutmeg
½ cup confectioners' sugar","Arrange the bread slices in two well-greased 15-in. x 10-in. x 1-in. baking pans. In a large bowl, beat the eggs, cream, sugar, extracts and nutmeg until blended; pour over bread. Turn bread to coat. Cover and refrigerate overnight.

Remove from the refrigerator 30 minutes before baking. Bake, uncovered, at 500 degrees F for 12-15 minutes or until lightly browned, turning bread once. Dust with confectioners' sugar.
"
fabulous-frosted-french-toast,"6 eggs
1 ½ cups skim milk
2 tablespoons white sugar
2 teaspoons ground cinnamon
1 (1 pound) loaf French bread, cut into 3/4 inch slices
¼ cup butter
1 (8 ounce) package fat-free cream cheese, softened
2 tablespoons white sugar
2 tablespoons fat-free sour cream
2 tablespoons frozen whipped topping, thawed","In a medium bowl, whisk together the eggs, milk, 2 tablespoons of sugar, and cinnamon. Melt one tablespoon of butter in a large skillet over medium heat. Dip a few bread slices into the egg mixture just to coat. Place in the hot skillet, and cook until golden on each side, about 4 minutes per side. Repeat with remaining slices of bread. Melt 1 tablespoon of butter in the skillet before frying each batch of toast.

While the toast is cooking, mix cream cheese, 2 tablespoons of sugar, sour cream, and whipped topping using an electric mixer or blender until smooth, yet firm.

Place servings of warm French toast onto plates, and top with a generous dollop of the frosting.
"
family-style-french-toast,"⅔ cup packed brown sugar
½ cup butter or margarine, melted
2 teaspoons ground cinnamon
6  large eggs eggs, lightly beaten
1 ¾ cups milk
1 (1 pound) loaf French bread, cut into 1 inch slices
½ cup confectioners' sugar","Combine brown sugar, butter and cinnamon; spread evenly in a greased 15-in. x 10-in. x 1-in. baking pan; set aside. Combine eggs and milk in a shallow dish; place bread in dish and soak for 5 minutes, turning once. Place bread over sugar mixture. Bake, uncovered, at 350 degrees F for 25-30 minutes or until golden brown. Serve brown sugar side up; dust with confectioners' sugar.
"
fantastic-french-toast,"4  large eggs eggs
¼ cup milk
1 teaspoon vanilla
1 pinch Dash salt
1 tablespoon butter or margarine
4 slices bread
¼ cup chopped peanuts
¾ cup maple-flavored syrup 
½ cup JIF® Creamy Peanut Butter","Combine eggs, milk, vanilla and salt. Beat slightly with a fork until blended.

In a medium sized skillet, melt butter or margarine.

Dip bread slices into egg mixture, coating both sides of each. Fry bread until golden brown on one side; turn and fry second side. Top each toast slice with some chopped peanuts.

In a small saucepan, blend maple syrup and JIF&reg;. Heat and stir until warm and pour over the French toast.
"
fluffy-french-toast,"¼ cup all-purpose flour
1 cup milk
1 pinch salt
3 eggs
½ teaspoon ground cinnamon
1 teaspoon vanilla extract
1 tablespoon white sugar
12 thick slices bread","Measure flour into a large mixing bowl. Slowly whisk in the milk. Whisk in the salt, eggs, cinnamon, vanilla extract and sugar until smooth.

Heat a lightly oiled griddle or frying pan over medium heat.

Soak bread slices in mixture until saturated. Cook bread on each side until golden brown. Serve hot.
"
freezer-french-toast,"4  large eggs eggs
1 cup milk
2 tablespoons sugar
1 teaspoon vanilla extract
¼ teaspoon ground nutmeg
10 (3/4 inch thick) slices day-old French bread
1 tablespoon butter or stick margarine, melted","In a large bowl, beat eggs, milk, sugar, vanilla and nutmeg. Place bread in a well-greased 13-in. x 9-in. x 2-in. baking dish. Pour egg mixture over bread. Let soak for several minutes, turning once to coat. Freeze until firm. Package in airtight containers. To bake, place bread on a well-greased baking sheet. Dot with butter. Bake at 450 degrees F for 7 minutes; turn and bake 10-12 minutes longer or until golden brown.
"
french-toast,"½ cup Egg Beaters
2 tablespoons skim milk
1 teaspoon cinnamon
½ teaspoon vanilla extract
1  serving splash vegetable spray
3 slices whole-wheat bread","Combine the Egg Beaters, milk, cinnamon and vanilla in a bowl.  Beat with a whisk.

Heat nonstick pan (medium heat should do) and coat it with vegetable spray.

Coat bread with egg mixture.  Add to pan and lightly brown on both sides.
"
french-toast-corners,"6 slices white bread
2 eggs
.666 cup milk
1 teaspoon vanilla extract
½ teaspoon ground cinnamon
1 tablespoon butter","Cut each slice of bread twice diagonally to make each slice into 4 triangles.

Beat together eggs, milk, vanilla and cinnamon. Dip the bread slices into egg mixture.

Heat butter over medium-high heat in a frying pan or skillet. Cook bread until golden brown. Serve warm with your favorite topping.
"
french-toast-i,"⅔ cup milk
2 large eggs
1 teaspoon vanilla extract
¼ teaspoon ground cinnamon
salt to taste
6 thick slices bread
1 tablespoon unsalted butter, or more as needed","Whisk milk, eggs, vanilla, cinnamon, and salt together in a shallow bowl.

Lightly butter a griddle and heat over medium-high heat.

Dunk bread in the egg mixture, soaking both sides. Transfer to the hot skillet and cook until golden, 3 to 4 minutes per side. Serve hot.
"
french-toast-ii,"4 eggs
¾ cup milk
3 tablespoons brown sugar
1 teaspoon ground nutmeg
12 slices white bread
1 tablespoon ground cinnamon","In a large mixing bowl, beat the eggs. Add the milk, brown sugar and nutmeg; stir well to combine.

Soak bread slices in the egg mixture until saturated.

Heat a lightly oiled griddle or frying pan over medium high heat. Brown slices on both sides, sprinkle with cinnamon and serve hot.
"
french-toast-stars,"8 thick slices white bread
2 eggs
¼ cup heavy cream
2 tablespoons honey
¼ teaspoon salt
¼ teaspoon ground cinnamon
1 tablespoon grated orange zest
½ teaspoon vanilla extract
3 tablespoons butter","Place a slice of bread on a cutting board. Align a star-shaped cookie cutter in the center of the slice. Push the cookie cutter through the bread, rocking it gently back and forth. Once the cookie cutter makes it all the way through bread, remove bread outside the cutter. Hold the cutter down on the bread during this step to prevent the star from tearing. Use a sharp knife to trim any bread that lingers outside the cookie cutter. Gently remove the star from the cutter and put aside. Repeat on all slices of bread.

In a medium bowl, beat together eggs, whipping cream, honey, salt, cinnamon, orange zest and vanilla extract.

In a  griddle or frying pan, melt the butter over medium high heat.

Dip both sides of the stars in the egg mixture and carefully transfer to the hot griddle. Brown on both sides and transfer to a warm plate while remaining stars cook. Serve hot.
"
french-toast-with-almonds,"1 cup slivered almonds
½ cup liquid egg substitute
1 cup fat-free milk
3 tablespoons all-purpose flour
¼ teaspoon salt
½ teaspoon baking powder
1 teaspoon vanilla extract
½ teaspoon almond extract
12 slices SARA LEE® Soft & Smooth™ Whole Grain White Bread
3 tablespoons canola oil
3 tablespoons butter
3 tablespoons confectioners' sugar for dusting","Place almonds in a small saucepan over low heat. Tossing frequently, toast until lightly browned, 5 to 10 minutes. Remove from heat, and set aside.

In a large bowl, whisk together egg substitute, milk, flour, salt, baking powder, and vanilla and almond extracts. Soak bread slices in the mixture until saturated. Place slices in a shallow pan. Refrigerate slices approximately 1 hour.

Heat canola oil and butter in a large skillet over medium heat. One at a time, press one side of soaked bread slices in the almonds to coat. Fry bread slices on both sides until golden brown. Dust with confectioner's sugar before serving.
"
french-toast-with-mixed-berries-with-truvia-natural-sweetener,"1 cup fat-free (skim) milk
½ cup fat-free egg product
1 tablespoon Truvia® natural sweetener spoonable
¼ teaspoon salt
1 teaspoon vanilla
1 tablespoon butter
6 slices flourless sprouted 100% whole grain bread
1 ½ cups mixed fresh berries (raspberries, strawberries, blueberries), sliced if large
6 tablespoons frozen (thawed) sugar-free whipped topping
Sugar-free maple-flavored syrup, if desired","In medium bowl, beat milk, egg product, Truvia&reg;  natural sweetener, salt and vanilla. Pour into shallow dish; set aside.

Heat nonstick griddle or nonstick skillet over medium heat or to 350 degrees F. (To test griddle, sprinkle with a few drops of water. If bubble jump around, heat is just right.). Grease griddle with butter as needed.

Dip bread into egg mixture; coating each side of bread. Place on griddle. Cook 3 to 4 minutes on each side or until golden brown.

Serve each slice with 14 cup berries and 1 tablespoon whipped topping. Drizzle with syrup.
"
german-french-toast,"1 teaspoon butter
2 eggs
½ cup milk
8 slices white bread
8 slices Muenster cheese","Melt butter in a skillet over medium heat. In a shallow bowl, beat together eggs and milk.

Dip bread slices one at a time in egg mixture, and fry in butter until golden. After turning once, top with a slice of muenster cheese, and cover until cheese is melted.
"
gils-brioche-french-toast,"1 (1 pound) loaf rectangular brioche bread
3 cups fresh strawberries, hulled, divided
2 tablespoons water
2 cups heavy cream, divided
1 teaspoon vanilla extract
1 tablespoon confectioners' sugar
6 eggs
2 tablespoons unsalted butter","Place a metal mixing bowl and beaters from an electric mixer into the freezer to chill. Trim the end crusts from the brioche bread, and slice the loaf in half; cut each half in half again (4 pieces), and cut each quarter in half to total 8 pieces of brioche.

Place 2 cups of strawberries and the water into a saucepan over medium-high heat; cover the pan, and bring to a simmer. Gently steam the berries until they release their juice, about 5 minutes.

Beat 1 cup of heavy cream, vanilla extract, and confectioners' sugar together with electric mixer in chilled metal bowl with the chilled beaters until the cream forms soft peaks; set aside.

Whisk the eggs and remaining 1 cup cream together in a large bowl, and place the bread pieces into the mixture, spooning the cream over the bread to coat. Allow to stand for 5 minutes.

Heat the butter in a skillet over medium heat until fragrant, and lay the coated brioche pieces into the skillet. Cook until the French toast is golden brown, about 3 minutes per side.

To serve, place 2 pieces of French toast onto a plate, overlapping slightly. Ladle cooked strawberries and their juice over the French toast, and top with a generous dollop of whipped cream. Top the cream with several fresh strawberries.
"
gingerbread-french-toast,"½ cup milk
2 eggs
1 tablespoon white sugar
2 teaspoons rum extract
1 teaspoon salt
¼ teaspoon ground cinnamon
¼ teaspoon ground nutmeg
¼ teaspoon ground cloves
⅛ teaspoon ground ginger
4 slices white bread
1 tablespoon butter, or as needed","Whisk milk, eggs, sugar, rum extract, salt, cinnamon, nutmeg, cloves, and ginger together in a bowl. Dip each bread slice into the egg mixture, turning to coat both sides.

Melt butter in a non-stick skillet over medium heat. Add bread slices in a single layer and cook until golden brown, about 3 minutes per side.
"
haitian-french-toast,"1 French baguette
1 cup orange juice
½ cup heavy whipping cream
2 eggs
1 teaspoon ground cinnamon
¼ cup white sugar
1 dash ground nutmeg
3 tablespoons butter
2 tablespoons confectioners' sugar for dusting","Cut loaf ends off and reserve for another use. Cut remaining loaf into 1 1/2 inch slices; let stand 4 hours or overnight.

In a 9x13 inch baking pan, combine orange juice, cream, eggs ground cinnamon and white sugar. Place bread slices in pan and turn until liquid is absorbed, about 5 minutes.

In a large skillet, melt butter over medium heat. Add bread slices and cook until browned on both sides, about 5 minutes. Dust generously with confectioners' sugar and serve warm.
"
ham-and-provolone-stuffed-french-toast,"4 slices SARGENTO® Sliced Reduced Sodium Provolone Cheese
2 ounces thinly sliced deli honey baked ham
4 slices lower sodium rye or millet bread
¼ cup milk
1 large egg, beaten
⅛ teaspoon ground nutmeg
2 teaspoons unsalted butter
¼ cup pure maple syrup","Layer cheese and ham over 2 slices bread; top with remaining bread.

Beat together milk, egg and nutmeg in a pie plate or shallow dish. Melt butter in a large nonstick skillet over medium heat. Dip each sandwich in milk mixture, turning to coat. Let stand 30 seconds per side to soak up milk mixture.

Melt butter in a large nonstick skillet over medium heat. Add sandwiches; cook 3 minutes per side or until golden brown and cheese is melted. Serve with syrup.
"
hazelnut-french-toast,"1 cup beaten eggs
1 cup half-and-half
2 tablespoons hazelnut liqueur (such as Frangelico®)
2 tablespoons butter, divided, or more as needed
12 pieces brioche (about 1 1/2-inch thick)
1 cup toasted hazelnuts, chopped
½ cup maple syrup, or to taste","Whisk eggs, half-and-half, and hazelnut liqueur together in a shallow bowl.

Melt 1 teaspoon butter in a large skillet, tilting the skillet to assure complete coverage.

Dip 2 slices brioche in the egg mixture, moistening both sides.

Cook brioche in the hot skillet until golden brown, 2 to 4 minutes per side. Repeat process until all bread is cooked.

Cut each slice of brioche into half on a bias. Sprinkle hazelnuts over the halves and top with maple syrup.
"
holiday-morning-french-toast,"1 cup brown sugar
½ cup butter, melted
3 teaspoons McCormick® Ground Cinnamon, divided
3 each tart apples, such as Granny Smith, peeled, cored and thinly sliced
½ cup dried cranberries or raisins
1 loaf Italian or French bread, cut into 1-inch slices
6  large eggs large eggs
1 ½ cups milk
1 tablespoon McCormick® Pure Vanilla Extract","Combine brown sugar, butter and 1 teaspoon cinnamon in a 13x9-inch baking dish. Add apples and cranberries; toss to coat well. Spread apple mixture evenly over bottom of baking dish. Arrange slices of bread on top.

Mix eggs, milk, vanilla and remaining 2 teaspoons cinnamon until well blended. Pour mixture over bread, soaking bread completely. Cover and refrigerate 4 to 24 hours.

Bake, covered with aluminum foil, in a preheated 375 degree F oven for 40 minutes. Uncover and bake 5 minutes. Remove from oven; let stand 5 minutes. Serve warm. For an eye-catching presentation, loosen edges of baking dish and invert onto a large serving platter.
"
incredibly-sweet-and-aromatic-french-toast,"1 tablespoon butter, or as needed
2 cups milk
3 eggs
½ cup white sugar
1 teaspoon vanilla extract
½ teaspoon ground cinnamon
½ teaspoon ground allspice
12 thick slices Texas toast
2 tablespoons confectioners' sugar, or as needed","Melt butter in a large skillet over medium-high heat.

Whisk milk, eggs, sugar, vanilla extract, cinnamon, and allspice together in a large bowl. Dip each slice of bread into egg mixture to coat.

Place coated bread into skillet and cook until golden brown on 1 side, about 1 minute. Flip and continue cooking until second side is golden, about 1 minute more. Remove to a plate and repeat with remaining bread slices.

Sift confectioners' sugar over top of the French toast, slice diagonally, and serve.
"
italian-french-toast,"6 eggs
½ cup milk
2 teaspoons dried parsley
12 slices white sandwich bread
6 ounces mozzarella cheese
1 cup vegetable oil for frying
1 clove garlic, crushed","In a medium-sized bowl, beat together eggs, milk, and parsley; set aside.

Slice the mozzarella into 12 rounds. Make 6 sandwiches with the bread and mozzarella, dip each sandwich in egg mixture.

In a large skillet, lightly saute garlic in oil, then remove and discard garlic. Fry dipped sandwiches in the oil. When the sandwiches are browned, cut them into quarters on the diagonal and serve warm.
"
jacks-french-toast,"1 egg
1 cup milk
1 teaspoon vanilla extract
1 cup oil for frying
4 slices bread","In a medium bowl, mix together egg, milk and vanilla.

In a large skillet, heat oil over medium high heat. Dip bread into egg mixture and slide into hot oil. Cook until golden brown, drain and serve.
"
kerrys-french-toast,"1 cup softened cream cheese
½ cup brown sugar
¼ teaspoon ground allspice
½ teaspoon ground nutmeg
½ teaspoon ground cinnamon
8 (1/2 inch) slices egg bread
6 extra large eggs, beaten
¼ cup milk
¼ cup butter","In a medium bowl, blend the cream cheese with brown sugar, allspice, nutmeg and cinnamon

Spread 4 slices bread with the cream cheese mixture, and top with remaining bread slices, creating sandwiches.

Mix eggs and milk in a shallow bowl. Dip bread into the egg and milk to coat thoroughly.

Melt butter in a medium skillet over medium high heat. Cook coated bread slices 2 to 4 minutes on each side, or until golden brown.
"
mascarpone-stuffed-french-toast-with-peaches,"8 fresh peaches
½ cup sugar
4 pinches ground nutmeg
½ teaspoon ground cinnamon
4 Mexican bolillo rolls
1 cup mascarpone cheese
6 tablespoons confectioners' sugar
1 lemon, zested
6 eggs
¾ cup milk
½ teaspoon vanilla extract
2 teaspoons butter, or as needed
2 teaspoons vegetable oil, or as needed","Peel peaches, remove pits, and slice into a heavy saucepan, catching all the juices. Stir in sugar, nutmeg, and cinnamon, and cook over medium heat until bubbly. Continue cooking, stirring occasionally, until the sauce reaches a syrupy consistency, about 10 minutes. Remove from heat.

Meanwhile, cut off and discard the ends of the bolillo rolls. Slice the rolls into 1 1/4-inch-thick slices. Lay each slice of bread on a board, and with a sharp knife held parallel to the board, cut a pocket into each slice, leaving three sides intact. Set aside.

Stir together the mascarpone, confectioners' sugar, and lemon zest until smooth. Scoop this mixture into a small plastic bag. Cut off one corner of the bag, and pipe as much filling into the pocket in each slice of bread as will fit without overflowing.

Whisk together the eggs, milk, and vanilla in a shallow bowl. Melt butter with oil over medium heat in a large nonstick skillet.  Dip each stuffed piece of bread into the batter, add to the skillet, and cook until browned on both sides.  Serve hot with the warm peach sauce.
"
mccormick-stuffed-french-toast,"1 (8 ounce) tub whipped cream cheese
1 tablespoon brown sugar
3 teaspoons McCormick® Cinnamon, Ground, divided
1 ½ teaspoons McCormick® Pure Vanilla Extract, divided
16 (1/2 inch thick) slices Italian bread
½ cup apricot preserves or jam
5  large eggs eggs
1 cup milk
2 tablespoons butter, divided","Mix cream cheese, brown sugar, 2 teaspoons of the cinnamon and 1 teaspoon of the vanilla in small bowl until well blended. Spread 2 tablespoons of cream cheese mixture on each of 8 slices of bread. Spread 1 tablespoon of preserves on each of the remaining 8 slices of bread. Press one each of the bread slices together to form 8 sandwiches.

Beat eggs with wire whisk in 13x9-inch baking dish. Stir in milk, remaining 1 teaspoon cinnamon and remaining 1/2 teaspoon vanilla until well blended. Dip sandwiches in egg mixture, soaking for 2 minutes on each side.

Melt 1 tablespoon of the butter in large nonstick skillet or griddle on medium-low heat. Place 4 of the sandwiches in skillet. Cook 4 to 5 minutes per side or until golden brown. Repeat with remaining sandwiches, melting remaining tablespoon butter in skillet. Serve French toast with maple syrup, if desired.
"
no-fry-french-toast,"nonstick cooking spray
1 slightly beaten egg
1 slightly beaten egg white
¾ cup fat free milk
1 teaspoon vanilla extract
⅛ teaspoon ground cinnamon
8 (1 inch thick) slices firm-textured French bread
¼ teaspoon finely shredded orange peel
½ cup orange juice
1 tablespoon honey
1 teaspoon cornstarch
⅛ teaspoon ground cinnamon
1 tablespoon powdered sugar","Coat a large baking sheet with nonstick cooking spray. In a pie plate combine egg, egg white, milk, vanilla, and 1/8 teaspoon cinnamon. Soak bread slices in egg mixture for about 1 minute per side. Place on prepared baking sheet.

Bake in a 450 degree F oven about 6 minutes or until bread is lightly browned. Turn bread over and bake 5 to 8 minutes more or until golden brown.

Meanwhile, for orange syrup, in a small saucepan stir together orange peel, orange juice, honey, cornstarch, and 1/8 teaspoon cinnamon. Cook and stir until thickened and bubbly. Cook and stir 2 minutes more.

If desired, sift powdered sugar over toast. Serve with warm orange syrup.
"
nutella-stuffed-french-toast,"2 tablespoons chocolate-hazelnut spread (such as Nutella®), or more to taste
4 slices cinnamon bread (such as Pepperidge Farm®)
¼ cup milk
1 large egg, beaten
¼ teaspoon vanilla extract
cooking spray","Spread 1 tablespoon chocolate-hazelnut spread onto one side of each of 2 slices cinnamon bread; top each with another bread slice to make 2 sandwiches.

Beat milk, egg, and vanilla extract together in a shallow bowl until smooth. Soak each sandwich in the milk mixture until the bread is moistened, about 15 seconds per side.

Prepare a nonstick pan with cooking spray and heat over medium-high heat.

Cook sandwiches in the hot pan until browned on the bottom, about 2 minutes. Flip sandwiches and continue cooking until other side is browned, about 1 minute more.
"
orange-french-toast,"6  large eggs eggs, lightly beaten
¾ cup orange juice
½ cup half-and-half cream
2 tablespoons sugar
1 teaspoon vanilla extract
½ teaspoon grated orange peel
8 piece (blank)s thick slices cinnamon bread
¼ cup butter or margarine, melted","In a shallow bowl, combine the first six ingredients. Dip both sides of bread into egg mixture; let soak for 5 minutes. Place in a greased 15-in. x 10-in. x 1-in. baking pan. Cover and refrigerate overnight. Uncover; drizzle with butter. Bake at 325 degrees F for 35-40 minutes or until browned.
"
orange-pecan-french-toast,"1 cup packed brown sugar
⅓ cup butter, melted
2 tablespoons light corn syrup
⅓ cup chopped pecans
12 (3/4 inch thick) slices French bread
1 teaspoon grated orange zest
1 cup fresh orange juice
½ cup 2% milk 
3 tablespoons white sugar
1 teaspoon ground cinnamon
1 teaspoon vanilla extract
3 egg whites
2 eggs
1 tablespoon confectioners' sugar for dusting","In a small bowl, stir together the brown sugar, melted butter, and corn syrup. Pour into a greased 9x13 inch baking dish, and spread evenly. Sprinkle pecans over the sugar mixture. Arrange the bread slices in the bottom of the dish so they are in a snug single layer.

In a medium bowl, whisk together the orange zest, orange juice, milk, sugar, cinnamon, vanilla, egg whites, and eggs. Pour this mixture over the bread, pressing on the bread slices to help absorb the liquid. Cover and refrigerate for at least one hour, or overnight.

Preheat the oven to 350 degrees  F (175 degrees C ). Remove the cover from the baking dish, and let stand for 20 minutes at room temperature.

Bake for 35 minutes in the preheated oven, until golden brown. Dust with confectioners' sugar before serving.
"
original-recipe-french-toast,"4 (1 inch thick) slices King's Hawaiian® Sweet Bread
4  large eggs large eggs
½ cup milk
½ teaspoon vanilla
¼ teaspoon ground cinnamon
2 tablespoons Butter or oil for frying
2 tablespoons Maple syrup","Slice bread crosswise so that each slice is about 1-inch thick. Cut larger slices into halves or thirds, if desired. Set aside.

In a shallow mixing bowl, whisk together the eggs, milk, vanilla and cinnamon.

Quickly dip slices (do not soak) in egg mixture and cook until golden brown on both sides.

Keep egg mixture stirred and spices well blended.

Sprinkle with powdered sugar and serve with warm maple syrup.
"
overnight-apple-cinnamon-french-toast,"¾ cup butter, melted
1 cup brown sugar
1 teaspoon ground cinnamon
2 (21 ounce) cans apple pie filling
20 slices white bread
6 eggs
1 ½ cups milk
1 teaspoon vanilla extract
½ cup maple syrup","Grease a 9x13 inch baking pan. In a small bowl, stir together the  melted butter, brown sugar and cinnamon.

Spread the sugar mixture into the bottom of the prepared pan. Spread the apple pie filling evenly over the sugar mixture. Layer the bread slices on top of the filling, pressing down as you go.  In a medium bowl, beat the eggs with the milk and vanilla. Slowly pour this mixture over the bread, making sure that it is completely absorbed. Cover the pan with aluminum foil and refrigerate overnight.

In the morning, preheat oven to 350 degrees F (175 degrees C).

Place covered pan into the oven and bake at 350 degrees F (175 degrees C) for 60 to 75 minutes. When done remove from oven and turn on broiler.  Remove foil and drizzle maple syrup on top of the egg topping; broil for 2 minutes, or until the syrup begins to caramelize. Remove from the oven and let stand for 10 minutes, then cut into squares. Invert the pan onto a serving tray or baking sheet so the apple filling is on top. Serve hot.
"
overnight-caramel-french-toast,"1 cup packed brown sugar
½ cup butter
2 tablespoons light corn syrup
12 slices bread
¼ cup sugar
1 teaspoon ground cinnamon, divided
6  large eggs eggs
1 ½ cups milk
1 teaspoon vanilla extract","In a small saucepan, bring the brown sugar, butter and corn syrup to a boil over medium heat, stirring constantly. Remove from the heat. Pour into a greased 13-in. x 9-in. x 2-in. baking dish. Top with six slices of bread. Combine sugar and 1/2 teaspoon cinnamon; sprinkle half over the bread. Place remaining bread on top. Sprinkle with remaining cinnamon-sugar; set aside.

In a large bowl, beat the eggs, milk, vanilla and remaining cinnamon. Pour over bread. Cover and refrigerate for  8 hours or overnight.

Remove from the refrigerator 30 minutes before baking. Bake, uncovered, at 350 degrees F for 30-35 minutes.
"
overnight-eggnog-french-toast,"1 cup brown sugar
½ cup butter
2 tablespoons light corn syrup
1 loaf French bread, cut into 1-inch slices
8 eggs
2 cups prepared eggnog","Lightly grease a 9x13-inch baking dish.

Heat the brown sugar, butter, and corn syrup in a small saucepan over medium heat. Cook and stir until the mixture begins to boil; remove the mixture from heat, and pour into the prepared baking dish. Place the bread slices atop the brown sugar mixture.

Whisk the eggs and eggnog together in a large bowl; pour over the bread slices. Cover the baking dish with aluminum foil, and refrigerate 8 hours to overnight.

Preheat an oven to 325 degrees F (165 degrees C). Remove the baking dish from the refrigerator.

Bake in the preheated oven for 35 minutes. Increase heat to 375 degrees F (190 degrees C), remove the aluminum foil, and continue baking until the the top begins to brown, 5 to 7 minutes more.
"
overnight-french-toast,"9  large eggs eggs
3 cups light cream
⅓ cup sugar
1 ½ teaspoons rum flavored extract
1 ½ teaspoons vanilla extract
½ teaspoon ground nutmeg
24 (3/4 inch thick) slices French bread
1 ½ cups packed brown sugar
½ cup light corn syrup
½ cup water
½ cup chopped pecans, toasted
2 tablespoons butter or margarine","In a large bowl, lightly beat eggs. Mix in cream, sugar, rum extract if desired, vanilla and nutmeg. Place the bread in a single layer in two well-greased 15-in. x 10-in. x 1-in. baking pans. Pour the egg mixture over bread in each pan. Turn bread over to coat both sides. Cover and refrigerate overnight. Bake, uncovered, at 400 degrees F for 20-22 minutes or until golden.

Meanwhile, for syrup, bring brown sugar, corn syrup and water to a boil in a saucepan. Reduce heat and simmer for 3 minutes. Add pecans and butter; simmer 2 minutes longer. Serve with the French toast.
"
overnight-french-toast-ii,"2 tablespoons corn syrup
½ cup butter
1 cup packed brown sugar
1 (1 pound) loaf French bread, sliced
5 eggs
1 ½ cups milk
1 teaspoon vanilla extract
¼ teaspoon salt","Combine the corn syrup , butter, and brown sugar in a small saucepan and simmer until the sugar has melted.  Pour this mixture over the bottom of a greased 9x13 inch casserole dish.

Place the  bread slices over the sugar-butter mixture in the dish.  In a bowl, beat together the eggs, milk, vanilla, and salt; pour this mixture over the bread.  Cover the dish and let it stand in the refrigerator overnight.

The next morning, preheat oven to 350 degrees F (175 degrees C).

Uncover the pan and bake for 45 minutes.  Serve while hot or warm or the French toast will harden in the pan. It can be reheated.
"
overnight-gingerbread-french-toast,"¼ cup butter
1 loaf French bread, cut into 3/4-inch slices
½ cup milk, or as needed
3 eggs
¼ cup maple syrup
¼ cup molasses
1 teaspoon ground cinnamon
1 teaspoon ground allspice
1 teaspoon ground ginger
½ teaspoon ground nutmeg
½ teaspoon ground cloves
1 pinch salt, or to taste
2 tablespoons confectioners' sugar for dusting, or to taste","Melt butter in a small saucepan over low heat, remove from heat and allow to cool to room temperature.                            .

Line a 9x13 inch baking dish with aluminum foil and spray pan lightly with cooking spray.

Arrange bread slices in baking dish, either flat and tightly fit together, or standing at an angle and slightly overlapping if necessary.

Whisk milk, eggs, maple syrup, molasses, cinnamon, allspice, ginger, nutmeg, cloves, and salt together in a bowl. Mix in melted butter.

Pour milk and egg mixture over bread, turning to ensure slices are evenly moistened on both sides. Cover dish with aluminum foil and refrigerate at least 1 hour or overnight.

Preheat oven to 350 degrees. Preheat oven to 350 degrees F (175 degrees C).

Remove baking dish from refrigerator, uncover, and baste bread slices with any excess liquid in the pan.

Bake in preheated oven until slices are firm and golden brown, 20 to 25 minutes. Remove baking dish from oven and allow to rest for 10 minutes. Dust with confectioners' sugar and serve.
"
patriotic-french-toast,"1 (10 ounce) package frozen strawberries, thawed
1 cup fresh blueberries
1 (8 ounce) package cream cheese, softened
2 cups confectioners' sugar
2 cups milk
2 eggs, beaten
1 teaspoon vanilla extract
½ teaspoon ground cinnamon
2 tablespoons butter
8 thick slices bread","Preheat an oven to 250 degrees F (120 degrees C).

Combine the thawed strawberries with their juice and the blueberries in a bowl; set aside. Beat together the softened cream cheese and confectioner's sugar until smooth; set aside. Whisk the milk, eggs, vanilla, and cinnamon in a shallow bowl.

Melt butter over medium heat in a large skillet or griddle. Dip bread into egg mixture, coating thoroughly. Cook until well-browned on both sides, about 5 minutes. Place cooked slices on baking sheet and place in oven to keep warm until ready to serve.

Spread the cream cheese mixture over each slice of french toast, then top with 2 tablespoons of the fruit. Serve immediately.
"
pbj-french-toast,"6 tablespoons peanut butter
6 tablespoons mixed berry jam
12 slices challah bread
1 cup milk
4 eggs
¼ cup white sugar
2 tablespoons raspberry-flavored liqueur
½ teaspoon vanilla extract
1 tablespoon vegetable oil, or as needed","Spread 1 tablespoon peanut butter and 1 tablespoon jam onto one side of each of six bread slices; top each with another bread slice to make 6 sandwiches.

Whisk milk, eggs, sugar, raspberry-flavored liqueur, and vanilla extract together in a bowl until smooth. Dip each sandwich into egg mixture, turning to coat both sides.

Heat oil in a skillet over medium heat; cook sandwiches, working in batches, until golden brown, 3 to 4 minutes per side.
"
peach-french-toast,"1 cup packed brown sugar
½ cup butter or margarine
2 tablespoons water
1 (29 ounce) can sliced peaches, drained
12 (3/4 inch thick) slices day-old French bread
5  large eggs eggs
1 ½ cups milk
1 tablespoon vanilla extract
1 pinch Ground cinnamon","In a saucepan, bring brown sugar, butter and water to a boil. Reduce heat; simmer for 10 minutes, stirring frequently. Pour into a greased 13-in. x 9-in. x 2-in. baking dish; top with peaches. Arrange bread over peaches.

In a bowl, whisk the eggs, milk and vanilla; slowly pour over bread. Cover and refrigerate for 8 hours or overnight.

Remove from the refrigerator 30 minutes before baking. Sprinkle with cinnamon. Cover and bake at 350 degrees F for 20 minutes. Uncover; bake 25-30 minutes longer or until the bread is golden brown. Serve with a spoon.
"
peanut-butter-and-jelly-french-toast,"12 slices bread
¾ cup peanut butter
6 tablespoons jelly or jam
3  large eggs eggs
¾ cup milk
¼ teaspoon salt
2 tablespoons butter or margarine","Spread peanut butter on six slices of bread; spread jelly on other six slices of bread. Put one slice of each together to form sandwiches.

In mixing bowl, lightly beat eggs; add milk and salt and mix together.

Melt butter in a large skillet over medium heat. Dip sandwiches in egg mixture, coating well. Place in skillet and brown both sides. Serve immediately.
"
peanut-butter-french-toast,"½ cup milk
3 eggs
¼ cup peanut butter
2 tablespoons white sugar
½ teaspoon vanilla extract
¼ teaspoon ground cinnamon
1 tablespoon vegetable oil
4 slices bread","Whisk together milk, eggs, peanut butter, sugar, vanilla extract, and cinnamon in a large bowl.

Heat the oil in a griddle or frying pan over medium heat.

Dunk each slice of bread in egg mixture, soaking both sides. Place in pan, and cook on both sides until golden, about 3 to 4 minutes per side. Serve hot.
"
pecan-french-toast,"4 eggs
⅔ cup orange juice
⅓ cup milk
¼ cup white sugar
¼ teaspoon nutmeg
¼ teaspoon vanilla extract
½ (1 pound) loaf Italian bread, cut into 1 inch slices
⅓ cup butter, melted
½ cup chopped pecans
2 tablespoons grated orange zest","In a large bowl, beat together eggs, orange juice, milk, sugar, nutmeg and vanilla extract. Place bread slices in a tightly spaced single layer in the bottom of a flat dish or baking pan. Pour milk mixture over bread, cover and refrigerate overnight, turning once.

When ready to cook, preheat oven to 350 degrees F (175 degrees C).

Coat a jelly roll pan or rimmed baking sheet evenly with the melted butter. Arrange soaked bread slices in a single layer on pan. Sprinkle evenly with orange peel and pecans.

Bake in preheated oven until golden, 20 to 25 minutes. Check slices during last 10 minutes of baking time to avoid burning.
"
pineapple-french-toast,"½ cup butter
⅔ cup packed brown sugar
1 (15.25 ounce) can crushed pineapple (juice pack), drained
4  large eggs eggs, beaten
1 cup reduced fat milk
¼ teaspoon salt
10 (3/4 inch thick) slices French bread","Place butter in a 15x10x1-inch baking pan; heat in a 400 degree F oven until melted, about 3 minutes. Stir in brown sugar and crushed pineapple until sugar is dissolved.

In a shallow dish, beat together eggs, LACTAID&reg; Reduced Fat Milk, and salt. Dip bread into egg mixture, letting bread soak for about 10 seconds on each side. Arrange in a single layer atop pineapple mixture.

Bake in a 400 degree F oven for 20 to 25 minutes or until golden brown. Arrange bread slices on serving plates, pineapple side up. Spoon any pineapple mixture remaining in pan atop the bread slices.
"
pineapple-sage-scented-challah-french-toast,"½ cup 1% milk, divided
¼ cup fresh pineapple sage leaves
1 egg, beaten
2 teaspoons brown sugar
1 splash vanilla extract
2 thick slices raisin challah bread
1 tablespoon vegetable oil, or as needed","Stir 1/4 milk and sage leaves together in a microwave-safe bowl. Microwave for 1 minute; cool. Strain and discard leaves and reserve 'scented' milk.

Whisk remaining milk, egg, brown sugar, and vanilla extract together in a bowl. Add sage-scented milk to egg mixture and whisk.

Soak challah bread slices in the egg mixture until saturated, about 2 minutes per side.

Heat vegetable oil in a large skillet over medium-high heat. Cook soaked bread slices in hot oil until golden and crispy, 2 to 3 minutes per side.
"
pineapple-stuffed-french-toast,"1 cup chopped fresh pineapple, drained
1 ½ teaspoons ground cinnamon, divided
4 slices good bread
2 tablespoons cream cheese
1 cup whole milk
1 egg
2 tablespoons white sugar
½ teaspoon vanilla extract
1 tablespoon butter
2 tablespoons hot fudge sauce, or to taste","Mix pineapple and 1 teaspoon cinnamon in a bowl. Spread each slice of bread with 1 1/2 teaspoon cream cheese. Top 2 slices with 1/4 cup pineapple mixture apiece; reserve remaining pineapple mixture. Place remaining slices of bread atop pineapple mixture and press lightly to make 2 sandwiches.

Whisk remaining 1/2 teaspoon cinnamon, milk, egg, sugar, and vanilla extract in a shallow bowl. Lay each sandwich in milk mixture and let bread absorb mixture for a few seconds; flip and repeat.

Heat a nonstick skillet over medium heat, melt butter in the hot skillet, and fry sandwiches on both sides in butter until golden brown, 2 to 3 minutes per side. Top each sandwich with half the remaining pineapple mixture and drizzle 1 tablespoon hot fudge sauce over pineapple.
"
poppy-seed-french-toast,"3 tablespoons poppy seeds
3 eggs
2 cups milk
1 teaspoon vanilla extract
1 pinch ground nutmeg
2 tablespoons white sugar
12 thick slices white bread
2 tablespoons butter","In a small mixing bowl whisk together the poppy seeds, eggs, milk, vanilla, nutmeg, and sugar.

Heat a griddle or large frying pant over medium heat. Melt 1 tablespoon of the butter in the frying pan.

Dip one slice of the bread into the egg batter, then quickly take it out. Continue dipping bread slices, stirring the batter frequently so all the poppy seeds don't sink to the bottom, and laying the bread on the frying pan until no more bread will fit.

Cook the slices for about 2 minutes per side, or until they are golden brown. Repeat with remaining bread. Serve hot.
"
portuguese-bread-french-toast,"5 eggs
4 cups milk
¼ cup white sugar
½ teaspoon ground cinnamon
½ teaspoon freshly grated nutmeg
1 teaspoon orange zest
1 (1 pound) loaf Portuguese sweet bread
2 tablespoons unsalted butter, cubed","Preheat the oven to 350 degrees F (175 degrees C).

Whisk together the eggs, milk, sugar, cinnamon, nutmeg, and orange rind in a medium mixing bowl.

Cut the bread into seven or eight slices, and lay them, overlapping, in a large baking dish.

Pour the egg mixture over the bread, covering every slice. The bread should not be entirely submerged though; the higher parts should become toasted and crispy.

Dot the bread with the butter. Bake the French toast in the oven for 35 to 45 minutes until the custard is set. Serve immediately.
"
praline-pecan-french-toast,"6 eggs
1 ½ cups half-and-half
1 tablespoon brown sugar
2 teaspoons vanilla extract
1 (12 ounce) loaf French bread, sliced 1-inch thick
1 tablespoon butter
¾ cup firmly packed brown sugar
½ cup maple syrup
¾ cup chopped toasted pecans","Grease a 9x13-inch baking dish.

Whisk eggs, half-and-half, 1 tablespoon brown sugar, and vanilla extract in a bowl until mixture is smooth and brown sugar has dissolved. Pour 1 cup egg mixture into prepared baking dish. Arrange slices of French bread into baking dish and pour remaining egg mixture evenly over bread. Cover and refrigerate overnight.

Preheat oven to 350 degrees F (175 degrees C).

Melt butter in a saucepan over medium heat; mix 3/4 cup brown sugar and maple syrup into butter, stirring until smooth. Bring syrup to a boil, reduce heat to low, and simmer for 1 minute, stirring constantly. Stir pecans into syrup. Spoon pecan praline syrup evenly over French toast casserole.

Bake casserole in the preheated oven until set and golden brown, about 30 minutes.
"
pumpkin-pie-french-toast,"3 large eggs
½ cup half-and-half cream
¼ cup canned pumpkin puree
1 teaspoon ground cinnamon
1 teaspoon vanilla extract
¼ teaspoon pumpkin pie spice
¼ cup finely chopped walnuts
8 slices day-old bread","Heat a lightly oiled skillet over medium heat.

Whisk eggs, half and half, pumpkin, cinnamon, vanilla extract, pumpkin pie spice, and walnuts together in a bowl. Soak one slice of bread at a time in the pumpkin mixture, then place in the prepared skilled. Repeat with the remaining slices of bread. Stir the pumpkin mixture between dips to keep the walnuts from settling. Cook the bread until golden brown, about 3 minutes on each side.
"
raspberry-cheesecake-stuffed-french-toast,"1 cup milk
2 tablespoons vanilla extract
1 cup white sugar
2 tablespoons cinnamon
4 eggs, beaten
1 cup raspberry puree
4 ounces cream cheese, softened
1 loaf French bread, cut into 1 inch slices
butter
confectioners' sugar for dusting
nutmeg, for topping","In a bowl, whisk milk, vanilla, sugar, and cinnamon into the beaten eggs until well blended. Set aside. In a separate bowl, cream together raspberry puree and cream cheese until smooth. Make 'sandwiches' by cutting each slice of bread in half and spreading raspberry-cheese mixture in the center, then top with the other half.

Melt butter over medium heat in a large skillet or griddle. Dip bread into egg mixture, coating thoroughly. Cook until well-browned on both sides, about 5 minutes. Dust with confectioners' sugar and nutmeg. Serve immediately.
"
red-kisses-french-toast,"3  large eggs large eggs
2 tablespoons milk
4 slices Market Pantry™ Roundtop White Sandwich Bread
10 each Hershey's dark chocolate kisses, unwrapped
2 tablespoons Strawberry jam
1 teaspoon Archer Farms™ Cinnamon","In a shallow bowl, beat together eggs and milk.

Dip each slice of bread in the egg mixture, one at a time.

Cook in a lightly oiled skillet over medium heat until both sides are golden.

Set two of the slices of toast on a plate.

On each slice, spread a thin layer of jam and add four Hershey's Kisses pointy-side up.

Top with the other slices.

Put a small puddle of jam in the center of each top slice, place the last two Kisses in the center of each puddle.

Sprinkle with cinnamon and serve.
"
reduced-fat-french-toast,"½ cup egg substitute
⅔ cup skim milk
1 teaspoon vanilla extract
½ teaspoon ground cinnamon
6 slices reduced calorie white bread","Beat together egg substitute, milk, vanilla and cinnamon. Dip bread slices in egg mixture until both sides are soaked.

Spray a skillet or frying pan with cooking spray and heat over medium high heat. Place bread slices into pan and cook until golden brown on both sides
"
savory-parmesan-french-toast,"4 eggs
⅓ cup grated Parmesan cheese
¼ cup milk
ground black pepper to taste
1 tablespoon butter, plus more as needed
4 slices whole wheat bread","Whisk eggs, Parmesan cheese, milk, and black pepper in a shallow bowl until light and fluffy, about 1 minute.

Melt butter in a large skillet over medium heat.

Dip both sides of each slice of bread in the egg mixture and place in the skillet. Cook until golden brown, 2 to 3 minutes per side. Transfer to a warmed plate and dot with butter to serve.
"
skiers-french-toast,"2 tablespoons light corn syrup
½ cup butter
1 cup packed brown sugar
1 (1 pound) loaf unsliced white bread, with crust trimmed 
5 eggs
1 ½ cups milk
1 tablespoon vanilla extract
¼ teaspoon salt","Combine light corn syrup, butter and sugar in saucepan; simmer until syrup-like. Pour mixture over the bottom of a 9""x 13"" pan.

Slice bread into 12-16 slices; place over the syrup. Layer as needed.

Beat together the eggs, milk, vanilla, and salt. Pour over bread. Cover with saran wrap. Refrigerate overnight.

Bake in a preheated oven 350 degree F (175 degrees C) for 45 minutes.

Cut into squares. Invert and serve.
"
smuckers-stuffed-french-toast,"1  serving Crisco® Original No-Stick Cooking Spray
1 (8 ounce) package cream cheese, softened
2 tablespoons sugar
½ teaspoon ground cinnamon
½ cup chopped walnuts or pecans
1 teaspoon vanilla extract
1 (1 pound) loaf French bread
4  large eggs large eggs, beaten
1 cup half-and-half
½ teaspoon vanilla extract
½ teaspoon nutmeg
1 cup Smucker's® Apricot Preserves
½ cup orange juice
½ teaspoon almond extract","Heat oven to 225 degrees F. Spray griddle with no-stick cooking spray.

Blend together filling ingredients in small bowl until light and fluffy. Set aside.

Cut bread into 10 to 12 slices, approximately 1-1/2 inch thick. Cut a small slice along the top of each piece, creating a pocket in the middle. Fill with a heaping tablespoon of filling.

Mix together the eggs, half-and-half, vanilla and nutmeg. Dip bread in egg mixture and cook on prepared griddle until both sides are golden brown, being careful to keep filling in bread pocket. Place cooked slices on baking sheet and place in oven to keep warm.

Heat preserves in small saucepan until melted. Stir in orange juice and almond extract. To serve, drizzle  over French toast.
"
snow-day-french-toast,"2 eggs
½ cup milk
¼ teaspoon salt
½ teaspoon ground nutmeg
6 slices raisin bread
2 tablespoons butter
1 cup white sugar","Mix eggs, milk, salt, and nutmeg together with a fork, until the whole mixture is pale yellow.  Pour this into a low, flat pan or a large, shallow dish.

If you are using English muffins, cut them in half so that you have six halves.  Let the halves or the slices of bread soak on each side in the egg mixture. Spread a layer of granulated sugar on a plate, and dip both sides of the bread in sugar.

Heat a griddle or skillet over medium heat. Put about half a tablespoon of butter in the pan, and let it melt.  Place two muffin halves or slices of bread in the pan. Cook for 2 to 3 minutes on each side. Wipe old butter out of pan, and repeat with remaining slices of bread.
"
strawberry-cheesecake-french-toast,"1 cup mashed fresh strawberries
½ cup white sugar
2 tablespoons cornstarch
1 cup water
1 cup milk
6 eggs
1 (8 ounce) package cream cheese, softened
1 teaspoon vanilla extract
¾ cup white sugar
8 slices bread, cut in half diagonally
1 teaspoon butter
8 sliced fresh strawberries
1 tablespoon confectioners' sugar for dusting
1 cup whipped cream","Preheat an oven to 100 degrees F ( 40 degrees C).

Heat mashed strawberries and 1/2 cup white sugar in a saucepan over medium heat.

Mix cornstarch and water together in a bowl, then stir into the strawberries.

Cook and stir until thickened, about 5 minutes. Reduce heat to low and simmer while preparing remaining ingredients, stirring occasionally.

Whisk together the milk and eggs in a bowl; set aside.

Mash cream cheese, vanilla extract, and 3/4 cup white sugar in a bowl until smooth.

Spread the cream cheese mixture over a triangle-shaped piece of bread, and top with another piece. Repeat with remaining bread and cream cheese mixture to make 8 triangle-shaped sandwiches.

Heat butter in a large skillet over medium heat.

Dip the sandwiches into the egg mixture, 2 or 3 at a time, and place in the skillet.

Cook until golden brown on both sides, about 3 minutes per side.

Transfer pan-fried sandwiches to a baking sheet and place in the preheated oven to keep warm while cooking remaining sandwiches.

To serve, top French toast with warm strawberry glaze and sliced fresh strawberries and sprinkle with confectioners' sugar. Serve with a dollop of whipped cream.
"
strawberry-french-toast,"½ cup sliced almonds
1 (10 ounce) package frozen strawberries - thawed, drained, and juice reserved
water as needed
½ cup white sugar
2 tablespoons cornstarch
1 (8 ounce) package cream cheese, softened
2 tablespoons white sugar
1 teaspoon vanilla extract
1 cup milk
3 eggs, beaten
1 ½ teaspoons white sugar
½ teaspoon ground cinnamon
¼ teaspoon ground nutmeg
1 loaf Italian bread
1 tablespoon butter, or as needed","Cook and stir almonds in a skillet over medium high heat until fragrant and toasted, 3 to 5 minutes.

Add enough water to reserved strawberry liquid to equal 1 cup liquid.

Stir 1/2 cup sugar and cornstarch together in a saucepan over medium heat. Gradually stir strawberry liquid into sugar mixture; cook, stirring constantly, until mixture is clear and thick, 3 to 5 minutes. Stir strawberries and almonds into sugar mixture.

Beat cream cheese, 2 tablespoons sugar, and vanilla extract together in a bowl. Whisk milk, eggs, 1 1/2 teaspoons sugar, cinnamon, and nutmeg together in a bowl.

Slice bread at 1 1/2-inch intervals about 3/4 of the way through. Cut a slit in the center of each slice to form a pocket, and fill each pocket with 1 rounded tablespoon of the cream cheese mixture. Separate slices from loaf by cutting each slice the rest of the way through the loaf.

Dip bread slices in egg mixture to coat completely.

Melt butter on a griddle over medium-high heat. Working in batches, cook bread slices on preheated griddle until golden brown, 2 to 5 minutes per side. Serve French toast with strawberry-almond mixture.
"
strawberry-ricotta-stuffed-whole-grain-french-toast,"½ cup low-fat ricotta cheese
2 teaspoons granulated sugar
4  large eggs large eggs, beaten
½ cup milk
½ teaspoon vanilla extract, divided
8 slices Roman Meal Bread
2 cups fresh sliced strawberries, divided
1  serving non-stick cooking spray
2 tablespoons powdered sugar
4 tablespoons maple syrup","Combine ricotta cheese and sugar in small bowl; mix well. Combine eggs, milk and vanilla extract in shallow bowl; mix well.

Spread ricotta-sugar mixture evenly over 4 bread slices. Top each slice with 1/4 cup strawberries and remaining bread to form sandwiches.

Spray large skillet with nonstick cooking spray; heat over medium heat. Dip sandwiches in egg mixture, coating both sides. Cook on each side for 2 to 3 minutes or until golden brown.

Sprinkle with powdered sugar; top with remaining strawberries. Serve with maple syrup, if desired.
"
stuffed-french-toast,"8 (1 inch thick) slices French bread
2 (3 ounce) packages cream cheese, softened
⅓ cup crushed pineapple, undrained
½ cup chopped pecans
4  large eggs eggs
1 cup whipping cream
½ teaspoon vanilla extract
1 ½ teaspoons ground ginger
1 (12 ounce) jar apricot preserves
⅓ cup orange juice","Cut a pocket through the crust of each slice of bread. In a mixing bowl, beat the cream cheese and pineapple; stir in pecans. Stuff into pockets. In a shallow bowl, beat the eggs, cream, vanilla and ginger; dip both sides of bread. Cook on a greased hot griddle until golden brown on both sides.

Combine syrup ingredients in a saucepan; heat until warmed, stirring constantly. Serve with the French toast.
"
stuffed-french-toast-i,"1 (1 pound) loaf French bread
1 (8 ounce) package cream cheese
4 eggs
¼ cup Irish cream liqueur
1 teaspoon vanilla extract
¼ teaspoon ground cinnamon
¼ teaspoon ground nutmeg
2 tablespoons butter
⅓ cup orange marmalade","Slice the French bread on a slant, giving each side of the slice a nice surface area.  Slice the brick of cream cheese into 1/2 inch thick slices.  Make a slit in each slice of French bread through the crust to form a pocket. Place a slice of cream cheese in each pocket; set aside.

In a small bowl, beat together eggs, Irish cream liqueur, cinnamon and nutmeg.

Melt butter in a griddle or frying pan over medium-low heat. Briefly dip the bread slices in the egg mixture and place on the griddle. Brown on both sides and serve warm with a dollop of orange marmalade on top.
"
stuffed-french-toast-ii,"8 slices oatnut bread
½ (8 ounce) package cream cheese, softened
½ cup seedless raspberry jam
5 eggs, beaten
¼ cup milk
1 ½ teaspoons almond extract
1 tablespoon butter","Spread 4 slices oatnut bread on one side with cream cheese. Spread remaining 4 slices on one side with raspberry jam. Press cream cheese slices together with jam slices, forming sandwiches.

In a medium, shallow bowl, beat together the eggs, milk and almond extract.

Melt butter in a large, heavy skillet over medium high heat. Dip sandwiches in the egg mixture to coat. Place in the skillet, and cook on both sides until golden brown.
"
stuffed-french-toast-with-fresh-berry-topping,"2 cups mixed fresh berries (strawberries, raspberries, blueberries and/or blackberries)
2 tablespoons granulated sugar
⅔ cup low-fat ricotta cheese
¼ cup strawberry preserves
3  large eggs large eggs
⅔ cup NESTLE® CARNATION® Evaporated Fat Free Milk
2 tablespoons packed brown sugar
2 teaspoons vanilla extract
12 slices (about 3/4-inch thick) French bread
vegetable oil
powdered sugar
maple syrup, heated","COMBINE berries and granulated sugar in small bowl.  Combine ricotta cheese and strawberry preserves in small bowl; mix well.  Combine eggs, evaporated milk, brown sugar and vanilla extract in pie plate or shallow bowl; mix well.

SPREAD ricotta-preserve mixture evenly over 6 slices of bread.  Top with remaining slices of bread to form sandwiches.

HEAT small amount of vegetable oil in large, nonstick skillet or griddle over medium heat.  Dip sandwiches in egg mixture, coating both sides.  Cook on each side for about 2 minutes or until golden brown.

SPRINKLE with powdered sugar; top with berries.  Serve with maple syrup.
"
sweet-french-toast,"3 eggs
¼ cup milk
2 ½ tablespoons maple syrup
1 teaspoon vanilla extract
1 teaspoon ground cinnamon
⅓ cup cornflakes cereal, crumbled
8 slices white bread
2 tablespoons confectioners' sugar for dusting","In a medium bowl, beat together the eggs, milk, maple syrup, vanilla, and cinnamon. Take a small handful of cornflakes and crumble them into the mixture. Stir well.

Soak the bread slices in the mixture for about 2 to 3 minutes.

Heat a lightly oiled griddle or frying pan over medium high heat.  Place the bread slices in the pan; brown on both sides. Sprinkle with confectioners' sugar; serve hot.
"
three-cheese-stuffed-french-toast,"8 (2 inch thick) slices French bread
¾ cup shredded mozzarella cheese
4 ounces cream cheese, softened
1 tablespoon ricotta cheese
3 tablespoons apricot jam
2 eggs, lightly beaten
½ cup milk
1 cup cornflakes cereal crumbs
2 tablespoons butter
¼ cup butter
2 tablespoons white sugar
2 teaspoons ground ginger
2 cups sliced fresh peaches
¼ cup confectioners' sugar for dusting
4 tablespoons apricot-flavored syrup, or to taste","The night before: Split each bread slice four fifths of the way through. Spread the two sides apart so that they look like butterfly wings. Use a fork hollow out a shallow pocket on the inside of each slice. Discard the crumbs; set bread aside.

In a medium bowl, mix together the mozzarella, cream cheese and ricotta cheese. Stir in the apricot jam. Spoon 2 tablespoons of cheese mixture into each bread slice. Place slices in a 9x13-inch baking dish. Cover and chill, 8 hours or overnight.

The next morning: Preheat oven to 400 degrees F (200 degrees C).

Beat together eggs and milk. Dip bread slices into egg mixture and dredge in cornflakes crumbs. Melt 2 tablespoons butter in a large skillet over medium heat; cook bread 2 minutes on each side or until golden. Place in a lightly greased 9x13-inch baking dish.

Bake in the preheated oven for 15 minutes.

In a medium frying pan or skillet, heat 1/4 cup butter, 2 tablespoons sugar, and ginger over medium heat. Add peaches and cook for 3 minutes.

Arrange French toast slices on individual plates. Top each serving evenly with peach slices, sprinkle with powdered sugar. Serve with apricot syrup.
"
ultimate-french-toast,"4 eggs
2 tablespoons milk
¼ teaspoon ground cinnamon
8 slices bread","Combine eggs, milk and cinnamon; beat well. Dip bread into egg mixture until completely coated.

Heat a lightly oiled griddle or frying pan over medium high heat. Cook bread slices until they are golden brown on both sides. Serve hot.
"
valentines-day-french-toast,"8 eggs
1 tablespoon milk, or to taste
3 dashes ground nutmeg, or to taste
2 dashes ground cinnamon, or to taste
4 slices bread
1 teaspoon butter, or to taste
1 banana, or more to taste, sliced
6 strawberries, or more to taste, sliced
2 tablespoons maple syrup, or to taste, warmed
½ teaspoon confectioners' sugar, or to taste","Beat eggs, milk, nutmeg, and cinnamon together with a fork in a bowl until somewhat smooth.

Heat a nonstick skillet over medium heat.

Dip a bread slice into egg mixture to evenly and generously coat each side and put into the hot skillet; cook until golden brown, 2 to 3 minutes per side. Repeat with each bread slice.

Cut each slice in half on a diagonal and arrange onto 2 plates. Arrange banana and strawberry slices on the plates around the French toast. Drizzle maple syrup over the French toast; dust with confectioners' sugar.
"
vanilla-almond-spiced-french-toast,"2 cups whole milk
2 tablespoons brown sugar
4 large eggs
1 teaspoon double-strength imitation vanilla extract (such as Goodman's Route 66)
½ teaspoon almond extract (such as Watkins® pure almond extract)
½ teaspoon ground cinnamon
¼ teaspoon ground nutmeg
⅛ teaspoon ground allspice
8 thick slices slightly stale Texas toast","Mix whole milk and brown sugar in a large bowl.

Beat eggs, vanilla extract, almond extract, cinnamon, nutmeg, and allspice together in a separate bowl until the eggs are well beaten; add to the milk mixture and stir to dissolve the brown sugar.

Heat a non-stick skillet or griddle over medium-low heat.

Set one slice of Texas toast into the milk mixture; let soak until moistened, about 10 seconds per side.

Cook the dipped toast in the preheated skillet until bottom is golden brown, 3 to 5 minutes; flip toast and continue to cook until the other side is browned, 3 to 5 minutes more. Repeat dipping and cooking with remaining bread slices.
"
vanilla-french-toast,"2  large eggs eggs
½ cup milk
2 tablespoons sugar
1 tablespoon Spice Islands® Pure Vanilla Extract
¼ teaspoon ground cinnamon
1 tablespoon butter
6 slices bread","Whisk eggs, milk, sugar, vanilla and cinnamon in a medium bowl.

Melt butter in skillet over medium-high heat. Dip bread slices in egg mixture and brown each side in skillet. Serve with maple syrup.
"
wife-saver-french-toast,"1 cup light brown sugar
½ cup light corn syrup
¼ cup butter
10 slices French bread
2 eggs
2 ½ cups 1% low-fat milk
1 teaspoon vanilla extract
1 tablespoon all-purpose flour
1 pinch salt
2 tablespoons white sugar
1 teaspoon ground cinnamon","Grease a 9x13 inch baking dish. Stir the brown sugar, corn syrup, and butter together in a saucepan over medium-high heat until bubbly. Pour into the prepared baking dish, then arrange the sliced French bread evenly over the syrup. Whisk together the eggs, milk, vanilla extract, flour, and salt until smooth. Pour over the French bread. Cover, and refrigerate overnight.

Preheat oven to 350 degrees F (175 degrees C). Stir together the white sugar and ground cinnamon; sprinkle over the french toast.

Bake in preheated oven until golden brown on top, about 50 minutes.
"
yummy-french-toast,"3  large eggs large eggs
⅔ cup milk
2 tablespoons granulated sugar
1 teaspoon cinnamon
½ teaspoon nutmeg
1 teaspoon vanilla
8 slices bread
2 tablespoons canola oil","Preheat electric griddle to 325 F (or medium heat).

Whisk together eggs, milk, sugar, cinnamon, nutmeg, and vanilla in a medium bowl. Set aside.

Place bread in a shallow baking dish and pour egg mixture over bread. Let soak for about 10-15 seconds.

Heat 1 tablespoon of canola oil in the griddle. Cook the first four slices for about 6 minutes or until golden brown, turning once. Repeat.
"
